StartDate,EndDate,Status,IPAddress,Progress,Duration (in seconds),Finished,RecordedDate,ResponseId,RecipientLastName,RecipientFirstName,RecipientEmail,ExternalReference,LocationLatitude,LocationLongitude,DistributionChannel,UserLanguage,Q_RecaptchaScore,Q21,Q22,Q23,Q24,Q25,Q26,Q27,Q28,Q29,Q30,Q31,Q32,Q33,Q34,Q35,Q36,Q37,Q38,Q39,Q40,Q41,Q42,Q43,Q44,Q45,Q46,Q47,Q48,Q49,Q50,Q51,Q52,Q53,Q54,Q55,Q56,Q10,Q11,Q12,Q13,SC0,PROLIFIC_PID
7/25/2020 21:04:04,7/25/2020 21:04:28,Survey Preview,,100,24,True,7/25/2020 21:04:29,R_tGtDau8j7xDFHmF,,,,,35.291595458984375,-80.820098876953125,preview,EN,0.90000000000000000000000000000000000000000000000000000,,,,,,,,,,,,,,,,,,,,,,,,,,,,,,,,,,,,,,,,,,
7/25/2020 23:03:15,7/25/2020 23:06:37,Survey Preview,,100,202,True,7/25/2020 23:06:38,R_2vY1YPnbOl3BADf,,,,,38.920806884765625,-77.03600311279296875,preview,EN,0.90000000000000000000000000000000000000000000000000000,,,,1/9,,,,,15/32,,,,,,,,1/10,,C,,,,,,,,,,3/8,,,,Swati,,,,35 to 44 years,Male,Master's degree,2 mins,5,
7/26/2020 7:41:30,7/26/2020 7:42:18,Survey Preview,,100,47,True,7/26/2020 7:42:18,R_2wp3OQUgV2mkDkA,,,,,35.291595458984375,-80.820098876953125,preview,EN,0.90000000000000000000000000000000000000000000000000000,,,,,,,,,,,,,,,,,,,,,,,,,,,,,,,,,,,,,,,,,,
7/26/2020 9:11:15,7/26/2020 9:11:40,IP Address,216.15.28.17,100,24,True,7/26/2020 9:11:40,R_12ombUyEOYNFzDu,,,,,38.920806884765625,-77.03600311279296875,anonymous,EN,0.90000000000000000000000000000000000000000000000000000,,,,,,,,,,,,,,,,,,,,,,,,,,,,,,,,,,,,,,,,,,5f1745f03565ea0a6d4ff1a1
7/26/2020 9:19:30,7/26/2020 9:19:49,Survey Preview,,100,18,True,7/26/2020 9:19:49,R_1Iy0HS0xYPA5Xmq,,,,,38.920806884765625,-77.03600311279296875,preview,EN,0.90000000000000000000000000000000000000000000000000000,,,,,,,,,,,,,,,,,,,,,,,,,,,,,,,,,,,,,,,,,,
7/26/2020 9:29:09,7/26/2020 9:29:40,IP Address,216.15.28.17,100,30,True,7/26/2020 9:29:40,R_12tItVO2cAmplgB,,,,,38.920806884765625,-77.03600311279296875,anonymous,EN,0.90000000000000000000000000000000000000000000000000000,,,,,,,,,,,,,,,,,,,,,,,,,,,,,,,,,,,,,,,,,,5f1745f03565ea0a6d4ff1a1
7/26/2020 9:32:21,7/26/2020 9:36:39,IP Address,86.247.61.0,100,258,True,7/26/2020 9:36:40,R_3PSMFxWrUIFsWky,,,,,48.8542938232421875,2.3527069091796875,anonymous,EN,0.90000000000000000000000000000000000000000000000000000,,,,,1/6,,,,,3/16,,,,,,1/25,,,,,C,,,,,,,,3/8,,S,,,,,,18 to 24 years,Female,Master's degree,6,2,5e81cd3f50a9fd000bd6ba50
7/26/2020 9:33:13,7/26/2020 9:36:54,IP Address,94.173.176.204,100,220,True,7/26/2020 9:36:54,R_21BOPFempTyqM3K,,,,,53.4557952880859375,-1.3755950927734375,anonymous,EN,0.90000000000000000000000000000000000000000000000000000,,,1/18,,,,,,,,15/32,,,,,,,1/10,,,B,,,,,,,,3/8,,,,,Swati,,,18 to 24 years,Female,High school graduate,5,4,5eece10bafca8009a390438a
7/26/2020 9:33:00,7/26/2020 9:36:59,IP Address,188.37.236.83,100,239,True,7/26/2020 9:36:59,R_BXFGUmoHLjmJbLb,,,,,41.1486053466796875,-8.610992431640625,anonymous,EN,0.90000000000000000000000000000000000000000000000000000,,1/18,,,,,15/32,,,,,,,1/10,,,,,,,,,,A,,,,,3/8,,,,,,Swati,,Under 18 years,Male,High school graduate,4,4,5ec836e540ce74304ca3e3fe
7/26/2020 9:35:05,7/26/2020 9:38:22,IP Address,188.210.213.60,100,196,True,7/26/2020 9:38:22,R_qQSql2KRFNhhNPH,,,,,53.48089599609375,-2.237396240234375,anonymous,EN,0.90000000000000000000000000000000000000000000000000000,,,1/9,,,,,,,15/32,,,,,,,1/10,,,,E,,,,3/8,,,,,,,S ,,,,,25 to 34 years,Male,Master's degree,3,6,5ba8c9ea168e5e0001e4ab6a
7/26/2020 9:32:59,7/26/2020 9:38:22,IP Address,31.152.221.172,100,323,True,7/26/2020 9:38:23,R_3kByZvyPnIoTqpg,,,,,40.6381072998046875,22.94549560546875,anonymous,EN,0.90000000000000000000000000000000000000000000000000000,,,,,1/36,,,,,,15/32,,,,1/50,,,,E,,,,,,3/8,,,,,,S,,,,,,18 to 24 years,Male,Completed some college,3-4 minutes ,4,5eea8ba19d0a1a155a3a67f7
7/26/2020 9:33:51,7/26/2020 9:38:26,IP Address,176.103.170.105,100,275,True,7/26/2020 9:38:27,R_3L0keONOpSUt7EG,,,,,53.1240997314453125,20.3795013427734375,anonymous,EN,0.90000000000000000000000000000000000000000000000000000,,1/18,,,,,,,,,15/32,,,,1/5,,,,,,,,,E,3/8,,,,,,,S ,,,,,18 to 24 years,Male,High school graduate,~  5-7 min,4,5ebade312a57120626f7699a
7/26/2020 9:33:52,7/26/2020 9:38:30,IP Address,89.231.157.174,100,277,True,7/26/2020 9:38:30,R_2YzSyTbZKOQMZKr,,,,,50.2877044677734375,21.4449005126953125,anonymous,EN,0.90000000000000000000000000000000000000000000000000000,,,,,1/9,,,15/32,,,,,,,,1/10,,,,,,E,,,,,,,3/8,,,S ,,,,,18 to 24 years,Male,High school graduate,5,6,5d139fca3685ba00018998e1
7/26/2020 9:37:29,7/26/2020 9:38:38,IP Address,95.62.122.190,100,69,True,7/26/2020 9:38:38,R_2pQaksyU3kPvfTo,,,,,36.8343963623046875,-2.46099853515625,anonymous,EN,0.90000000000000000000000000000000000000000000000000000,,,,1/18,,,5/16,,,,,,1/5,,,,,,,,,,,C,,,,,,3/8,K,,,,,,18 to 24 years,Male,Bachelor's degree,,1,5eb4181452ea8022fa26f592
7/26/2020 9:32:30,7/26/2020 9:39:02,IP Address,90.240.172.87,100,391,True,7/26/2020 9:39:02,R_1jHCAMF3M93obOM,,,,,51.1410064697265625,0.8238067626953125,anonymous,EN,0.90000000000000000000000000000000000000000000000000000,,,1/9,,,,,15/32,,,,,,1/10,,,,,,E,,,,,,,,3/8,,,,S ,,,,,18 to 24 years,Female,Completed some college,6,6,5d30ed6d8e4586001a6e6423
7/26/2020 9:34:19,7/26/2020 9:39:20,IP Address,31.15.143.251,100,301,True,7/26/2020 9:39:20,R_3ExQfmFsu6ccx7Q,,,,,46.05029296875,14.5045928955078125,anonymous,EN,0.90000000000000000000000000000000000000000000000000000,,,1/36,,,,,,,15/32,,,1/50,,,,,,,,,D,,,,,,2/5,,,S,,,,,,25 to 34 years,Female,Bachelor's degree,7,2,5cacb51dc977f90001fd6eb0
7/26/2020 9:34:22,7/26/2020 9:40:00,IP Address,176.230.142.252,100,337,True,7/26/2020 9:40:00,R_1GxMFg7Wi3elYDP,,,,,32.8159942626953125,34.9821014404296875,anonymous,EN,0.90000000000000000000000000000000000000000000000000000,,,,,,1/9,,,,15/32,,,1/20,,,,,,,,,B,,,3/8,,,,,,S,,,,,,18 to 24 years,Male,Completed some high school,5,4,5eec2fe8b069b0429bee707e
7/26/2020 9:37:08,7/26/2020 9:40:08,IP Address,151.224.216.46,100,179,True,7/26/2020 9:40:08,R_2zjU2poyqz7rJKi,,,,,52.0435028076171875,1.1842041015625,anonymous,EN,0.90000000000000000000000000000000000000000000000000000,,,1/9,,,,,,,,,15/32,,1/10,,,,,,,D,,,,,,,3/8,,,,,,,,Swati,25 to 34 years,Female,Completed some college,3,5,5f102c2298c5b110c443d4cd
7/26/2020 9:36:33,7/26/2020 9:40:08,IP Address,31.0.125.154,100,215,True,7/26/2020 9:40:08,R_2sXgXPyY61eeqMl,,,,,52.2393951416015625,21.03619384765625,anonymous,EN,0.90000000000000000000000000000000000000000000000000000,1/18,,,,,,15/32,,,,,,,,1/5,,,,,,,,,E,3/8,,,,,,,,Swati,,,,18 to 24 years,Male,Bachelor's degree,I dont know,4,5e86dbfc6eb6d1000923b5fa
7/26/2020 9:36:00,7/26/2020 9:40:08,IP Address,109.133.45.12,100,248,True,7/26/2020 9:40:09,R_31WPPwwqajus9Qh,,,,,51.24200439453125,4.8231048583984375,anonymous,EN,0.90000000000000000000000000000000000000000000000000000,,1/24,,,,,,,,,3/16,,,,,1/5,,,,,B,,,,,,,,2/5,,,,Swati,,,,18 to 24 years,Male,High school graduate,3,1,5e2c54977916f02702a0ea25
7/26/2020 9:34:57,7/26/2020 9:40:10,IP Address,89.68.30.129,100,313,True,7/26/2020 9:40:10,R_1im8QSKbqk7E8Vt,,,,,54.35650634765625,18.6533966064453125,anonymous,EN,0.90000000000000000000000000000000000000000000000000000,,,,,,1/9,,,,,,15/32,,,,1/10,,,,,,E,,,,3/8,,,,,S,,,,,,18 to 24 years,Male,Associate degree,6,6,5bfe8eadf0d754000185f459
7/26/2020 9:33:21,7/26/2020 9:40:34,IP Address,176.76.240.216,100,432,True,7/26/2020 9:40:34,R_2bPMfa8BikqFOSf,,,,,46.05029296875,14.5045928955078125,anonymous,EN,0.90000000000000000000000000000000000000000000000000000,,1/24,,,,,,,15/32,,,,1/50,,,,,,,,,,E,,,3/8,,,,,,S ,,,,,25 to 34 years,Female,Master's degree,8,4,5c9b9a438da9ad001697289c
7/26/2020 9:36:27,7/26/2020 9:40:40,IP Address,89.153.207.1,100,252,True,7/26/2020 9:40:40,R_3ni5RCmTQx2RbSM,,,,,41.5514984130859375,-8.420501708984375,anonymous,EN,0.90000000000000000000000000000000000000000000000000000,,,,1/9,,,,,,,,15/32,1/10,,,,,,,,,,E,,,,,3/8,,,,,,,Swati,,18 to 24 years,Male,Bachelor's degree,5,6,5c88160f392ce000143ee1db
7/26/2020 9:34:46,7/26/2020 9:40:57,IP Address,83.23.236.11,100,370,True,7/26/2020 9:40:57,R_1fadrumQcnWZ2SX,,,,,54.2704925537109375,18.476593017578125,anonymous,EN,0.90000000000000000000000000000000000000000000000000000,,1/18,,,,,,,,3/16,,,,,,,,1/5,,,,B,,,,,,,,3/8,,,,Swati,,,18 to 24 years,Male,High school graduate,4,2,5eb29a4e7b27a00180228fbe
7/26/2020 9:38:35,7/26/2020 9:41:00,IP Address,83.25.183.186,100,144,True,7/26/2020 9:41:00,R_2xGe89kuv5H5zCp,,,,,53.1313934326171875,18.0178070068359375,anonymous,EN,0.90000000000000000000000000000000000000000000000000000,,,,,,1/36,5/16,,,,,,,,,,1/25,,B,,,,,,,,,,,3/10,,,,,Swati,,18 to 24 years,Male,High school graduate,5,1,5d27099998385500190c5f68
7/26/2020 9:37:48,7/26/2020 9:41:04,IP Address,83.28.231.6,100,195,True,7/26/2020 9:41:04,R_t0aK1yeruPhkg4F,,,,,51.2393035888671875,22.4949951171875,anonymous,EN,0.90000000000000000000000000000000000000000000000000000,1/6,,,,,,,,15/32,,,,,1/25,,,,,,,E,,,,,,,,3/8,,,,Swati,,,,18 to 24 years,Male,Completed some high school,5 minutes,4,5ee35c6668a0910298cd9a78
7/26/2020 9:35:48,7/26/2020 9:41:10,IP Address,95.92.120.137,100,322,True,7/26/2020 9:41:10,R_2s6GUhIEMYd720v,,,,,38.6304931640625,-9.110504150390625,anonymous,EN,0.90000000000000000000000000000000000000000000000000000,,,,,,1/9,,,,15/32,,,,,,1/10,,,E,,,,,,,3/8,,,,,,S ,,,,,18 to 24 years,Male,High school graduate,5-10,6,5ed6cb1765948612cc4ad5fb
7/26/2020 9:35:32,7/26/2020 9:41:15,IP Address,134.255.80.242,100,343,True,7/26/2020 9:41:15,R_1KoG8uH3zm6dJfe,,,,,48.3948974609375,21.6587066650390625,anonymous,EN,0.90000000000000000000000000000000000000000000000000000,1/36,,,,,,,,,,15/32,,,,,1/20,,,,,,,,B,,,,,,3/8,,,Swati,,,,25 to 34 years,Male,High school graduate,Kb. 10,3,5e64cb18af3bd523f3ffae94
7/26/2020 9:38:42,7/26/2020 9:41:18,IP Address,95.246.65.36,100,155,True,7/26/2020 9:41:18,R_BtSulayAe7em6zf,,,,,43.5941925048828125,13.5034027099609375,anonymous,EN,0.90000000000000000000000000000000000000000000000000000,,,,,1/6,,,,,,5/16,,,,,,,1/50,,B,,,,,,,3/10,,,,,,Swati,,,,18 to 24 years,Male,High school graduate,5,1,5f010df64a92a525dd96809b
7/26/2020 9:35:24,7/26/2020 9:41:25,IP Address,91.157.102.87,100,360,True,7/26/2020 9:41:25,R_21BdaHidExOuIin,,,,,60.244293212890625,24.8762969970703125,anonymous,EN,0.7000000000000000000000000000000000000000000000000000,,,,1/9,,,,,15/32,,,,,1/50,,,,,,B,,,,,3/8,,,,,,,,,Swati,,,25 to 34 years,Male,Bachelor's degree,5,4,5cd00327e2b4370017255ecc
7/26/2020 9:34:23,7/26/2020 9:41:33,IP Address,5.64.10.236,100,429,True,7/26/2020 9:41:33,R_6FKwEoG1Sv1AGIh,,,,,53.5442047119140625,-1.4304962158203125,anonymous,EN,0.90000000000000000000000000000000000000000000000000000,,,1/18,,,,,,,,15/32,,,,,,,1/25,E,,,,,,,,,3/8,,,,S ,,,,,18 to 24 years,Female,Completed some college,7,4,5f06796a24cff61c7b0d0150
7/26/2020 9:36:38,7/26/2020 9:41:34,IP Address,80.183.35.10,100,295,True,7/26/2020 9:41:34,R_BY3tFJdo35P42tP,,,,,44.7989959716796875,10.323394775390625,anonymous,EN,0.90000000000000000000000000000000000000000000000000000,,1/36,,,,,,,,,15/32,,,,1/10,,,,,,,E,,,,,,,,3/8,,S ,,,,,18 to 24 years,Male,Bachelor's degree,5,5,5d62a36c6da6c6001af091ca
7/26/2020 9:37:56,7/26/2020 9:41:48,IP Address,93.44.22.176,100,232,True,7/26/2020 9:41:49,R_2uxIIUTkIyZjYMa,,,,,40.85260009765625,14.26849365234375,anonymous,EN,0.90000000000000000000000000000000000000000000000000000,,,1/18,,,,,,,,,3/16,,1/50,,,,,,,,,D,,3/8,,,,,,,,,Swati,,,18 to 24 years,Female,High school graduate,6,2,5f02e84b5f3481192569a5c2
7/26/2020 9:37:39,7/26/2020 9:41:51,IP Address,85.55.90.135,100,252,True,7/26/2020 9:41:51,R_1DBkuFhoxc9EzMA,,,,,37.187896728515625,-3.60400390625,anonymous,EN,0.90000000000000000000000000000000000000000000000000000,,1/18,,,,,,15/32,,,,,,,1/25,,,,,,,,D,,,,3/10,,,,,,,,,Swati,18 to 24 years,Male,Completed some college,5,2,5e4c3b4c67928808dcaa3bbe
7/26/2020 9:35:51,7/26/2020 9:42:00,IP Address,89.132.235.109,100,369,True,7/26/2020 9:42:00,R_1f2Cjiv4xOFfIb7,,,,,47.5303955078125,21.627899169921875,anonymous,EN,0.90000000000000000000000000000000000000000000000000000,,,,,1/24,,,,,,15/32,,,,,,,1/25,,,,,B,,,,,3/8,,,,,,Swati,,,18 to 24 years,Female,Completed some college,7,3,5d49217b20a7c00018ab9ca9
7/26/2020 9:33:03,7/26/2020 9:42:02,IP Address,87.207.94.80,100,538,True,7/26/2020 9:42:02,R_2xRvZtSXZ3tfaos,,,,,50.0890045166015625,19.921295166015625,anonymous,EN,0.90000000000000000000000000000000000000000000000000000,,,,,,1/9,,,15/32,,,,,,,1/10,,,,,,,,E,,,3/8,,,,,,,,Swati,,18 to 24 years,Female,Bachelor's degree,7,6,5e21d038f4dbbd4b8d23ac41
7/26/2020 9:38:51,7/26/2020 9:42:14,IP Address,185.157.109.213,100,202,True,7/26/2020 9:42:14,R_2tURCaZI54OGuTn,,,,,57.833892822265625,27.0193939208984375,anonymous,EN,0.90000000000000000000000000000000000000000000000000000,,1/6,,,,,,,,,15/32,,,1/10,,,,,,,D,,,,,3/8,,,,,,,,,Swati,,18 to 24 years,Female,Bachelor's degree,5,4,5c90f5eae2d9fb0011385c58
7/26/2020 9:39:05,7/26/2020 9:42:17,IP Address,79.168.215.223,100,191,True,7/26/2020 9:42:17,R_06zBKv97YBWjObn,,,,,38.782501220703125,-9.3495941162109375,anonymous,EN,0.7000000000000000000000000000000000000000000000000000,,,1/18,,,,,,1/3,,,,,,,,,1/5,,D,,,,,,,,,,3/8,,,Swati,,,,18 to 24 years,Male,Master's degree,4,2,5ec8216a31328710b01d2f45
7/26/2020 9:36:26,7/26/2020 9:42:17,IP Address,76.11.7.102,100,351,True,7/26/2020 9:42:18,R_1I4RbpwufGdDjSq,,,,,47.4998931884765625,-52.99810028076171875,anonymous,EN,0.90000000000000000000000000000000000000000000000000000,,,1/36,,,,5/16,,,,,,,,,,1/10,,,E,,,,,,,,,,3/8,S,,,,,,18 to 24 years,Female,Completed some college,6,4,5c0436f3d30e3200016dcd72
7/26/2020 9:38:40,7/26/2020 9:42:17,IP Address,151.45.13.215,100,217,True,7/26/2020 9:42:18,R_2VgPKQvWqSFuKSb,,,,,41.1121978759765625,16.854705810546875,anonymous,EN,0.90000000000000000000000000000000000000000000000000000,,,,1/24,,,,,,,1/3,,,,,1/25,,,,,,,D,,2/5,,,,,,,,Swati,,,,25 to 34 years,Female,Completed some college,5,1,5cab8f50c7c413001598d8d6
7/26/2020 9:38:54,7/26/2020 9:42:19,IP Address,89.64.15.192,100,204,True,7/26/2020 9:42:19,R_vUofnHNaftVemo9,,,,,52.24920654296875,21.00030517578125,anonymous,EN,0.90000000000000000000000000000000000000000000000000000,,,,,,1/24,,,,,15/32,,1/10,,,,,,,,D,,,,3/10,,,,,,,,,,,Gauri,18 to 24 years,Male,High school graduate,5,2,5eeb8e55aca0f90cc757bb0d
7/26/2020 9:38:54,7/26/2020 9:42:30,IP Address,86.26.173.146,100,215,True,7/26/2020 9:42:30,R_2ZEO3dPN8lTzujm,,,,,50.7519073486328125,-1.87060546875,anonymous,EN,0.90000000000000000000000000000000000000000000000000000,,,,,,1/6,,,,,15/32,,1/5,,,,,,E,,,,,,,,,,,3/8,,,,,,Swati,18 to 24 years,Male,Completed some college,4,4,5e70bd5480f43a0009625d4c
7/26/2020 9:37:56,7/26/2020 9:42:37,IP Address,85.202.38.83,100,280,True,7/26/2020 9:42:37,R_1NttEOl0YhJYVim,,,,,54.0872039794921875,20.1858062744140625,anonymous,EN,0.90000000000000000000000000000000000000000000000000000,,,,,,1/9,,,,15/32,,,,1/10,,,,,,,,B,,,,,,,3/8,,,,,Swati,,,18 to 24 years,Male,Completed some high school,3 minutes,5,5c07e12a9ad1090001236fe8
7/26/2020 9:38:15,7/26/2020 9:42:41,IP Address,186.106.7.26,100,266,True,7/26/2020 9:42:42,R_3QLCX8MGQGA3sag,,,,,-33.4512939453125,-70.6652984619140625,anonymous,EN,0.90000000000000000000000000000000000000000000000000000,,1/36,,,,,,,,,15/32,,,1/10,,,,,,,,,,E,,,3/8,,,,,,Swati,,,,25 to 34 years,Male,Completed some postgraduate,3,5,5ee7afc384467e05f3cb1ea5
7/26/2020 9:40:31,7/26/2020 9:42:42,IP Address,46.134.21.68,100,131,True,7/26/2020 9:42:42,R_0Op97AESMEeeE1z,,,,,50.2805938720703125,19.022003173828125,anonymous,EN,0.90000000000000000000000000000000000000000000000000000,1/18,,,,,,,,,3/16,,,,1/25,,,,,,,,C,,,,,2/5,,,,,,,,Karish,,25 to 34 years,Male,Completed some high school,5,0,5b900275c7f479000118c654
7/26/2020 9:38:44,7/26/2020 9:42:43,IP Address,93.37.209.102,100,239,True,7/26/2020 9:42:44,R_3Mg0HR4UQbNV3Ue,,,,,45.4904937744140625,12.24249267578125,anonymous,EN,0.90000000000000000000000000000000000000000000000000000,,,1/18,,,,,,,,3/16,,1/5,,,,,,,,D,,,,,3/8,,,,,,,,Swati,,,25 to 34 years,Female,Bachelor's degree,4,2,5e618514ab46f20809f2f630
7/26/2020 9:37:34,7/26/2020 9:42:50,IP Address,50.65.94.21,100,315,True,7/26/2020 9:42:50,R_vPvYC2Sf3QtxjUd,,,,,53.5294036865234375,-113.25550079345703125,anonymous,EN,0.90000000000000000000000000000000000000000000000000000,,,,,1/24,,,,,,5/16,,1/10,,,,,,,,,,C,,,,,,3/8,,,,,,Karish,,18 to 24 years,Female,Associate degree,20,2,5c651d9cafd3e20001f5a210
7/26/2020 9:34:44,7/26/2020 9:42:56,IP Address,87.204.120.215,100,491,True,7/26/2020 9:42:56,R_bqMHpdOuAh44Yal,,,,,52.3722991943359375,18.3092041015625,anonymous,EN,0.7000000000000000000000000000000000000000000000000000,,1/9,,,,,,,,,,15/32,1/10,,,,,,E,,,,,,,,,3/8,,,,,,Swati,,,25 to 34 years,Female,Bachelor's degree,~7-8 min.,6,5ed421bae125990b1bd1ba57
7/26/2020 9:38:40,7/26/2020 9:42:57,IP Address,45.72.218.141,100,257,True,7/26/2020 9:42:57,R_08SWagST5Izt6IF,,,,,43.6591033935546875,-79.4626007080078125,anonymous,EN,0.90000000000000000000000000000000000000000000000000000,,,,1/9,,,,,,15/32,,,,,,,,1/10,C,,,,,,,3/8,,,,,,,,Swati,,,25 to 34 years,Female,"Ph.D., law or medical degree",10,5,5e5f0f0da2255725069e61cc
7/26/2020 9:39:56,7/26/2020 9:43:04,IP Address,102.165.236.37,100,188,True,7/26/2020 9:43:04,R_2PyR6syuM5SNHHY,,,,,-33.9257965087890625,18.4259033203125,anonymous,EN,0.90000000000000000000000000000000000000000000000000000,,,1/24,,,,,,,15/32,,,1/10,,,,,,,,,,,C,,3/8,,,,,,,,,Swati,,25 to 34 years,Female,Completed some postgraduate,4,4,5ea9616bb57e4b05bfb0e52c
7/26/2020 9:34:18,7/26/2020 9:43:13,IP Address,95.92.236.160,100,534,True,7/26/2020 9:43:13,R_2ysznVdaZht9aKy,,,,,38.790496826171875,-9.321502685546875,anonymous,EN,0.90000000000000000000000000000000000000000000000000000,,,,,,1/24,1/2,,,,,,1/25,,,,,,,,,,,D,2/5,,,,,,,,,,,Swati,18 to 24 years,Female,Bachelor's degree,7,1,5e97436c4f02b8081a53d8dd
7/26/2020 9:37:59,7/26/2020 9:43:17,IP Address,93.147.95.18,100,318,True,7/26/2020 9:43:18,R_UY1CpJJc5LfKWaZ,,,,,45.0724945068359375,7.6876983642578125,anonymous,EN,0.90000000000000000000000000000000000000000000000000000,,,,1/9,,,,,,15/32,,,,1/10,,,,,E,,,,,,,,3/8,,,,,,,,,Swati,18 to 24 years,Male,Master's degree,5,6,5e8211c3acf2d503662bcaae
7/26/2020 9:35:16,7/26/2020 9:43:20,IP Address,46.151.136.227,100,483,True,7/26/2020 9:43:20,R_YVrdYpPn1gXRsGd,,,,,54.6067962646484375,18.351806640625,anonymous,EN,0.90000000000000000000000000000000000000000000000000000,,,,,,1/9,,,,15/32,,,,1/20,,,,,,E,,,,,3/8,,,,,,S,,,,,,25 to 34 years,Male,Master's degree,7,5,5e95f879f4d19b04d6187052
7/26/2020 9:40:08,7/26/2020 9:43:21,IP Address,84.108.244.114,100,192,True,7/26/2020 9:43:21,R_3kN6tEd6ebdQIFf,,,,,32.147705078125,34.8506927490234375,anonymous,EN,0.90000000000000000000000000000000000000000000000000000,,,,,,1/9,,,,,15/32,,,,1/10,,,,,,,E,,,,,,3/8,,,,,,,,Swati,25 to 34 years,Male,Bachelor's degree,4,6,5eae6d16e48122540aae0643
7/26/2020 9:35:34,7/26/2020 9:43:26,IP Address,85.244.2.253,100,472,True,7/26/2020 9:43:26,R_SNzk4h7ygobyw1j,,,,,38.5251007080078125,-8.887298583984375,anonymous,EN,0.90000000000000000000000000000000000000000000000000000,,1/18,,,,,,,,,5/16,,,,,1/5,,,,,,,,C,,3/8,,,,,,,,Swati,,,18 to 24 years,Male,High school graduate,10,2,5d76c2d935227b0019dc57e8
7/26/2020 9:41:24,7/26/2020 9:43:26,IP Address,151.229.16.201,100,122,True,7/26/2020 9:43:27,R_3siiEGsniLH6qzw,,,,,51.5032958984375,-0.6894073486328125,anonymous,EN,0.90000000000000000000000000000000000000000000000000000,,,,,1/24,,1/3,,,,,,,1/20,,,,,,,,D,,,,3/8,,,,,,,,,Swati,,55 to 64 years,Female,High school graduate,4,2,5d9bb6bb1b7e12033ec4cb15
7/26/2020 9:39:22,7/26/2020 9:43:35,IP Address,5.173.137.107,100,252,True,7/26/2020 9:43:35,R_3NOQw1brscKC2n6,,,,,52.182403564453125,21.0222015380859375,anonymous,EN,0.90000000000000000000000000000000000000000000000000000,,,1/9,,,,,,,15/32,,,,,,,,1/10,E,,,,,,,,,3/8,,,,,,Swati,,,18 to 24 years,Male,High school graduate,about 5?,6,5f04cbb4e2b984791b535f68
7/26/2020 9:39:05,7/26/2020 9:44:01,IP Address,93.48.58.65,100,295,True,7/26/2020 9:44:01,R_2VwfL9FhAyPl5DH,,,,,40.85260009765625,14.26849365234375,anonymous,EN,0.90000000000000000000000000000000000000000000000000000,,1/24,,,,,,,,15/32,,,,,,1/50,,,,,,E,,,,,,,3/8,,,S ,,,,,25 to 34 years,Female,Completed some college,5,4,5b4f9c98330053000174d56c
7/26/2020 9:34:26,7/26/2020 9:44:04,IP Address,31.60.78.132,100,578,True,7/26/2020 9:44:04,R_xGIj9wAEkV3R14d,,,,,51.1042938232421875,17.0334930419921875,anonymous,EN,0.90000000000000000000000000000000000000000000000000000,,1/9,,,,,,,1/2,,,,,,1/20,,,,,,D,,,,,3/8,,,,,S,,,,,,25 to 34 years,Female,Master's degree,10,3,5d455ef3f1d31800013cfc33
7/26/2020 9:43:07,7/26/2020 9:44:05,IP Address,80.229.16.131,100,58,True,7/26/2020 9:44:05,R_263chfUARIPfsYh,,,,,51.1952972412109375,-0.78680419921875,anonymous,EN,0.90000000000000000000000000000000000000000000000000000,1/36,,,,,,,,1/2,,,,,,1/50,,,,,,,,,C,,1/4,,,,,K,,,,,,35 to 44 years,Female,Completed some college,3,0,5e60f3c47ff627000e5aee58
7/26/2020 9:39:04,7/26/2020 9:44:05,IP Address,94.63.146.132,100,300,True,7/26/2020 9:44:06,R_1eEroRArQzdqvMR,,,,,38.7174072265625,-9.1320953369140625,anonymous,EN,0.90000000000000000000000000000000000000000000000000000,,,,,,1/9,,,,,15/32,,1/10,,,,,,E,,,,,,,,,3/8,,,,,,Swati,,,18 to 24 years,Male,Associate degree,5,6,5d97ba9f9fcbb700151bbec0
7/26/2020 9:43:33,7/26/2020 9:44:07,IP Address,83.8.190.76,100,33,True,7/26/2020 9:44:07,R_eJu1umdyRfklzZD,,,,,54.17559814453125,19.4228973388671875,anonymous,EN,0.90000000000000000000000000000000000000000000000000000,,,,1/9,,,,1/2,,,,,1/10,,,,,,,,,C,,,,,,,2/5,,,,Karish,,,,Under 18 years,Male,High school graduate,4,2,5e7b6353dc81160236a24e36
7/26/2020 9:36:26,7/26/2020 9:44:14,IP Address,213.22.226.73,100,467,True,7/26/2020 9:44:14,R_BDrAC4SwuzmVRwB,,,,,41.2346954345703125,-8.6168060302734375,anonymous,EN,0.90000000000000000000000000000000000000000000000000000,,,,,,1/6,,,5/16,,,,,,1/5,,,,,,,,A,,3/10,,,,,,,,,,,Swati,18 to 24 years,Male,High school graduate,10,1,5e848d5ec880ee02fbba41b0
7/26/2020 9:37:23,7/26/2020 9:44:21,IP Address,93.71.96.214,100,417,True,7/26/2020 9:44:21,R_W8KRx6kWzf1ctH3,,,,,45.0724945068359375,7.6876983642578125,anonymous,EN,0.90000000000000000000000000000000000000000000000000000,,1/6,,,,,,3/16,,,,,1/5,,,,,,A,,,,,,,,,,,1/4,,,Swati,,,,25 to 34 years,Male,Bachelor's degree,6 minutes,1,5e848a9c952da7000a441eaf
7/26/2020 9:39:45,7/26/2020 9:44:25,IP Address,90.156.121.179,100,280,True,7/26/2020 9:44:25,R_1irIdW3eXgzt8ty,,,,,51.0883026123046875,17.03179931640625,anonymous,EN,0.90000000000000000000000000000000000000000000000000000,,,,1/9,,,15/32,,,,,,,,,,,1/50,D,,,,,,3/8,,,,,,,,,,,Swati,18 to 24 years,Female,Completed some college,3,4,5ccc2e86138c2100184c218b
7/26/2020 9:38:14,7/26/2020 9:44:30,IP Address,92.8.154.214,100,376,True,7/26/2020 9:44:30,R_PZCWSHZki7JEeJz,,,,,51.480499267578125,-0.0113067626953125,anonymous,EN,0.7000000000000000000000000000000000000000000000000000,,,,,,1/9,,,15/32,,,,,,,1/20,,,,,,,,B,,,3/8,,,,,S ,,,,,25 to 34 years,Female,Bachelor's degree,5,4,58962e76215bed0001e4f624
7/26/2020 9:37:58,7/26/2020 9:44:31,IP Address,86.3.109.120,100,393,True,7/26/2020 9:44:31,R_2VxPBowDmnsYrlV,,,,,51.482696533203125,-3.1808013916015625,anonymous,EN,0.90000000000000000000000000000000000000000000000000000,,,,,,1/9,,,,,15/32,,,,,,,1/10,,,,E,,,,3/8,,,,,,,,,Swati,,25 to 34 years,Male,Completed some college,6,6,5ebeeee819e5db2afa954e4d
7/26/2020 9:38:43,7/26/2020 9:44:35,IP Address,194.166.244.145,100,352,True,7/26/2020 9:44:35,R_2EbOgkU7GPUvseP,,,,,48.2169036865234375,16.49969482421875,anonymous,EN,0.7000000000000000000000000000000000000000000000000000,,1/36,,,,,,,,1/3,,,1/50,,,,,,C,,,,,,,,,,3/10,,S,,,,,,35 to 44 years,Male,High school graduate,36/3,1,5f0f59fa7f396506b1c9d889
7/26/2020 9:34:14,7/26/2020 9:44:38,IP Address,79.52.18.198,100,624,True,7/26/2020 9:44:39,R_Qnxx88RkeFjoIAV,,,,,40.72149658203125,14.5402069091796875,anonymous,EN,0.90000000000000000000000000000000000000000000000000000,,1/9,,,,,,,,15/32,,,,,,1/10,,,,,,,,E,,3/8,,,,,,,,,Swati,,18 to 24 years,Male,Bachelor's degree,8 minutes,6,5ea1f931991e240ff8e3011d
7/26/2020 9:36:48,7/26/2020 9:44:47,IP Address,139.47.71.236,100,478,True,7/26/2020 9:44:47,R_0OpPsSzMD7Mp9df,,,,,40.414306640625,-3.70159912109375,anonymous,EN,0.90000000000000000000000000000000000000000000000000000,,,1/6,,,,,15/32,,,,,,,,1/50,,,,,,,D,,,1/2,,,,,S,,,,,,18 to 24 years,Female,Bachelor's degree,8,2,5aeab425f00c7f00018f74d0
7/26/2020 9:36:35,7/26/2020 9:44:50,IP Address,85.61.105.35,100,494,True,7/26/2020 9:44:50,R_xnrRFfQdZO2IpQR,,,,,41.38909912109375,2.161102294921875,anonymous,EN,0.90000000000000000000000000000000000000000000000000000,1/9,,,,,,,,,,15/32,,1/10,,,,,,,,,E,,,3/8,,,,,,,,Swati,,,,25 to 34 years,Female,Bachelor's degree,7,6,5e455ad0703c9403276f7872
7/26/2020 9:42:20,7/26/2020 9:44:50,IP Address,87.75.178.4,100,150,True,7/26/2020 9:44:51,R_vxfOWYURbMyCgoN,,,,,56.016693115234375,-3.61669921875,anonymous,EN,0.90000000000000000000000000000000000000000000000000000,,,,1/9,,,,,,3/16,,,,1/20,,,,,,D,,,,,,,,,3/8,,,,Swati,,,,35 to 44 years,Male,High school graduate,4,3,5e0787927bf5720f70a60eb4
7/26/2020 9:41:38,7/26/2020 9:44:51,IP Address,150.143.32.213,100,193,True,7/26/2020 9:44:51,R_3HoCAjZmmamvR2C,,,,,51.480499267578125,-0.0113067626953125,anonymous,EN,0.90000000000000000000000000000000000000000000000000000,,,,,,1/9,5/16,,,,,,,,,1/10,,,A,,,,,,,,3/8,,,,,,Swati,,,,25 to 34 years,Male,High school graduate,6,4,5e961f1295b81609367a9c83
7/26/2020 9:40:37,7/26/2020 9:44:51,IP Address,83.81.223.194,100,254,True,7/26/2020 9:44:51,R_6sd9Bj9Qr0YvlPX,,,,,52.1204986572265625,4.649505615234375,anonymous,EN,0.7000000000000000000000000000000000000000000000000000,,,,,,1/9,15/32,,,,,,,,,,1/10,,,,,B,,,3/8,,,,,,,,,,,Swati,18 to 24 years,Male,High school graduate,7,5,5e7b99d461d3e41ae8ad364e
7/26/2020 9:37:58,7/26/2020 9:45:01,IP Address,37.116.160.68,100,423,True,7/26/2020 9:45:01,R_3fw9iNMLUKRLJij,,,,,42.343902587890625,14.1667022705078125,anonymous,EN,0.90000000000000000000000000000000000000000000000000000,,,,,1/6,,15/32,,,,,,,,,,1/10,,,,,E,,,,,,,3/8,,,,,,Swati,,25 to 34 years,Female,High school graduate,5,5,5ef3491c520ed90725687481
7/26/2020 9:39:04,7/26/2020 9:45:06,IP Address,109.50.180.72,100,362,True,7/26/2020 9:45:07,R_3ek11gVeyWpz2ln,,,,,41.4456024169921875,-8.2928924560546875,anonymous,EN,0.90000000000000000000000000000000000000000000000000000,,,1/24,,,,,,,,15/32,,,,,,1/5,,,,,,D,,,,,,,3/8,,,,Swati,,,18 to 24 years,Male,Completed some college,8,3,5cd18185c497de00161a0e0d
7/26/2020 9:36:47,7/26/2020 9:45:16,IP Address,142.161.95.82,100,509,True,7/26/2020 9:45:16,R_1P1Tw0NGcdGZemM,,,,,49.817901611328125,-97.15350341796875,anonymous,EN,0.90000000000000000000000000000000000000000000000000000,,,,,1/18,,,,,15/32,,,,,,,,1/10,,,E,,,,,,3/8,,,,,,,,Swati,,18 to 24 years,Male,Completed some college,7,5,5efe0e8af7e5db2c341d5997
7/26/2020 9:37:10,7/26/2020 9:45:20,IP Address,102.250.2.186,100,490,True,7/26/2020 9:45:21,R_1q3uz4FfVmNXexb,,,,,-25.7570037841796875,28.1443023681640625,anonymous,EN,0.300000000000000000000000000000000000000000000000000000,,,1/6,,,,,,,,5/16,,1/10,,,,,,,,,D,,,,,,1/2,,,,S ,,,,,25 to 34 years,Female,Bachelor's degree,10,2,5e919c1eee21a74cf6ee3bb5
7/26/2020 9:37:36,7/26/2020 9:45:26,IP Address,86.50.94.75,100,469,True,7/26/2020 9:45:26,R_1jrlmpJrChwSrCc,,,,,60.4600067138671875,22.3119049072265625,anonymous,EN,0.7000000000000000000000000000000000000000000000000000,,,1/6,,,,,,,,,15/32,1/5,,,,,,B,,,,,,,,,3/8,,,,,Swati,,,,25 to 34 years,Male,Master's degree,5,3,57dd2ba08e00270001b435e2
7/26/2020 9:40:27,7/26/2020 9:45:32,IP Address,81.197.109.101,100,304,True,7/26/2020 9:45:32,R_27DX9UyasjybvNq,,,,,63.0944976806640625,21.6309967041015625,anonymous,EN,0.90000000000000000000000000000000000000000000000000000,,,1/9,,,,,,15/32,,,,,,1/10,,,,E,,,,,,,,,,3/8,,S,,,,,,25 to 34 years,Male,Bachelor's degree,5,6,5ea7405befba05108ebec3af
7/26/2020 9:42:18,7/26/2020 9:45:32,IP Address,178.84.179.63,100,194,True,7/26/2020 9:45:32,R_De0SSUQ1pCwmvDP,,,,,51.8394012451171875,4.3556976318359375,anonymous,EN,0.90000000000000000000000000000000000000000000000000000,,1/18,,,,,,,,,,1/2,,,,1/50,,,,B,,,,,,,,1/2,,,,S ,,,,,35 to 44 years,Female,Completed some college,2,1,5da0bcb78b5d3f001078dcd8
7/26/2020 9:37:32,7/26/2020 9:45:32,IP Address,37.225.52.255,100,480,True,7/26/2020 9:45:32,R_tWnNlkI8nzAjEs1,,,,,52.2393951416015625,21.03619384765625,anonymous,EN,0.90000000000000000000000000000000000000000000000000000,1/9,,,,,,,1/2,,,,,1/5,,,,,,,,,B,,,,2/5,,,,,,,,,,Swati,18 to 24 years,Male,Bachelor's degree,10,2,5ec007983a395b058934d62e
7/26/2020 9:37:57,7/26/2020 9:45:35,IP Address,83.8.57.13,100,457,True,7/26/2020 9:45:35,R_2Tza1u0CATAWH2k,,,,,53.42840576171875,14.54730224609375,anonymous,EN,0.90000000000000000000000000000000000000000000000000000,,,,1/18,,,5/16,,,,,,,,,,1/20,,,,,B,,,3/8,,,,,,,,,,Swati,,18 to 24 years,Male,High school graduate,about 10,2,5bd1ec5c1ce249000104890b
7/26/2020 9:38:28,7/26/2020 9:45:35,IP Address,86.3.207.242,100,426,True,7/26/2020 9:45:35,R_3gUftpLNDhr8hq6,,,,,51.482696533203125,-3.1808013916015625,anonymous,EN,0.90000000000000000000000000000000000000000000000000000,1/6,,,,,,15/32,,,,,,1/20,,,,,,,,,,,D,,,,,,3/8,,,,Swati,,,25 to 34 years,Female,Bachelor's degree,6,3,5bf587d07b47600001769ac4
7/26/2020 9:42:36,7/26/2020 9:45:36,IP Address,87.212.255.13,100,180,True,7/26/2020 9:45:37,R_3iPADmubQzRtZqc,,,,,52.414794921875,4.6493072509765625,anonymous,EN,0.90000000000000000000000000000000000000000000000000000,,,1/18,,,,,1/2,,,,,1/5,,,,,,,,C,,,,,,3/8,,,,,,,,,Gauri,18 to 24 years,Female,Associate degree,4,1,5e345921b50fca000e8962bb
7/26/2020 9:41:13,7/26/2020 9:45:43,IP Address,68.228.17.84,100,269,True,7/26/2020 9:45:43,R_2WHGoVaMHhKko3R,,,,,30.7617034912109375,-86.5883026123046875,anonymous,EN,0.90000000000000000000000000000000000000000000000000000,1/18,,,,,,,,,,15/32,,,,,,,1/20,,,,,,E,,,,,3/8,,,,,,Mohtarma,,18 to 24 years,Male,Completed some high school,5,3,5e3f5c2d8122da1b3e01e53a
7/26/2020 9:39:05,7/26/2020 9:45:43,IP Address,79.121.45.38,100,398,True,7/26/2020 9:45:44,R_294ayAZ2T05457K,,,,,47.6880035400390625,17.639007568359375,anonymous,EN,0.90000000000000000000000000000000000000000000000000000,,,,,1/9,,,,,,5/16,,,,,,1/25,,,,,,E,,3/8,,,,,,M ,,,,,,Under 18 years,Male,High school graduate,5-6,3,5ecf7cc3f50eea1fbefda0fa
7/26/2020 9:38:31,7/26/2020 9:45:47,IP Address,83.46.227.103,100,436,True,7/26/2020 9:45:48,R_2V9E49fiOlg3tBu,,,,,38.877899169921875,-6.9705963134765625,anonymous,EN,0.7000000000000000000000000000000000000000000000000000,1/6,,,,,,,,3/16,,,,1/5,,,,,,,E,,,,,,,,,3/10,,,,Swati,,,,25 to 34 years,Male,Bachelor's degree,10,2,5f08b23ac6db570fef276d2e
7/26/2020 9:38:57,7/26/2020 9:45:50,IP Address,148.63.166.64,100,413,True,7/26/2020 9:45:50,R_1FncOJJrCHtmsdY,,,,,41.2906036376953125,-8.2136993408203125,anonymous,EN,0.90000000000000000000000000000000000000000000000000000,,,,,,1/9,,,,,,15/32,1/10,,,,,,,,,,D,,3/8,,,,,,,,,,Swati,,18 to 24 years,Male,Completed some college,4,5,5d24b93d71f10500194f1fba
7/26/2020 9:42:25,7/26/2020 9:46:00,IP Address,188.220.92.150,100,214,True,7/26/2020 9:46:00,R_3kgKZVdQ87xFFKA,,,,,51.3939971923828125,-2.32269287109375,anonymous,EN,0.90000000000000000000000000000000000000000000000000000,,,1/24,,,,,,1/3,,,,,1/5,,,,,,,,E,,,,,,,,3/8,,,,Swati,,,25 to 34 years,Female,Completed some college,4 minutes,3,5f001a2d0b6653114dd57c63
7/26/2020 9:39:29,7/26/2020 9:46:12,IP Address,72.141.169.97,100,403,True,7/26/2020 9:46:12,R_2tDSxsY4MIX5n9g,,,,,43.7592926025390625,-79.52239990234375,anonymous,EN,0.90000000000000000000000000000000000000000000000000000,,1/9,,,,,,,,,,15/32,1/10,,,,,,,,,D,,,3/8,,,,,,,,,,Swati,,25 to 34 years,Male,Bachelor's degree,8,5,5ea9c91de3583b11f139f8f4
7/26/2020 9:41:39,7/26/2020 9:46:14,IP Address,92.12.77.87,100,275,True,7/26/2020 9:46:14,R_1daTanMyrjcYyvm,,,,,51.564605712890625,0.0897979736328125,anonymous,EN,0.90000000000000000000000000000000000000000000000000000,,,,1/6,,,,,,,15/32,,,,,1/20,,,,,,D,,,,,,,,3/8,,S ,,,,,35 to 44 years,Female,Completed some college,5,3,5ebd3efa19f000000b53592f
7/26/2020 9:41:40,7/26/2020 9:46:25,IP Address,87.221.131.160,100,284,True,7/26/2020 9:46:25,R_3kNA2HOZiLegO7s,,,,,38.9967041015625,-1.8560943603515625,anonymous,EN,0.90000000000000000000000000000000000000000000000000000,,,,1/18,,,,,,15/32,,,,,,1/25,,,,,,,E,,3/8,,,,,,,,Swati,,,,18 to 24 years,Female,Completed some college,6,4,5ebdc302741dac0fcb699c29
7/26/2020 9:39:54,7/26/2020 9:46:26,IP Address,188.146.98.192,100,391,True,7/26/2020 9:46:26,R_OqzAQhxaeOYMM4V,,,,,52.2642059326171875,20.9911956787109375,anonymous,EN,0.90000000000000000000000000000000000000000000000000000,,,,,,1/9,,15/32,,,,,,1/5,,,,,B,,,,,,,,3/8,,,,,,,,Swati,,18 to 24 years,Male,High school graduate,4,4,5eb5123206340e38f179de1b
7/26/2020 9:37:37,7/26/2020 9:46:31,IP Address,72.53.135.248,100,533,True,7/26/2020 9:46:31,R_279k2a5SwCOHRGm,,,,,45.5937042236328125,-73.23239898681640625,anonymous,EN,0.90000000000000000000000000000000000000000000000000000,,1/6,,,,,,15/32,,,,,,,,,,1/50,,,,,A,,,3/8,,,,,,,,,Swati,,18 to 24 years,Female,High school graduate,6,3,5ec6c5fabd8f960f0c407b91
7/26/2020 9:41:22,7/26/2020 9:46:34,IP Address,196.192.176.26,100,311,True,7/26/2020 9:46:34,R_2Ebi2urTSHi8nmo,,,,,-26.23089599609375,28.0583038330078125,anonymous,EN,0.7000000000000000000000000000000000000000000000000000,,,1/9,,,,,,,,15/32,,,,,,,1/50,,C,,,,,,,,,,3/8,,K,,,,,18 to 24 years,Female,Completed some college,10,3,5edd2c7ee923bea284fdb9f0
7/26/2020 9:37:51,7/26/2020 9:46:34,IP Address,81.101.29.186,100,522,True,7/26/2020 9:46:34,R_2CNeXgLbn8N2EbV,,,,,53.4235992431640625,-2.3112945556640625,anonymous,EN,0.90000000000000000000000000000000000000000000000000000,,1/9,,,,,,,,,15/32,,,,,,,1/10,,,E,,,,,3/8,,,,,,,,,Swati,,25 to 34 years,Female,High school graduate,6,6,5ed3ca10d793c9367bb25559
7/26/2020 9:38:35,7/26/2020 9:46:44,IP Address,217.129.139.98,100,489,True,7/26/2020 9:46:45,R_1dMpQb1chTKS0DA,,,,,40.6443023681640625,-8.6454925537109375,anonymous,EN,0.90000000000000000000000000000000000000000000000000000,,,,,,1/9,15/32,,,,,,,,1/10,,,,,,,E,,,,,,3/8,,,,,,,,Swati,25 to 34 years,Female,Master's degree,5,6,5edfb48e375a0d2a740a02c3
7/26/2020 9:37:36,7/26/2020 9:46:45,IP Address,89.64.36.103,100,548,True,7/26/2020 9:46:45,R_1ojWVY9rYlCEZHI,,,,,50.0565032958984375,19.98150634765625,anonymous,EN,0.90000000000000000000000000000000000000000000000000000,,,,,,1/9,,,,15/32,,,,1/20,,,,,,,,,B,,,,3/8,,,,,,Swati,,,,18 to 24 years,Male,High school graduate,9,4,5f11ad6af6546b04abdba29f
7/26/2020 9:39:40,7/26/2020 9:46:45,IP Address,94.60.60.238,100,424,True,7/26/2020 9:46:45,R_2rOsySQ1uOPmy3N,,,,,41.1486053466796875,-8.610992431640625,anonymous,EN,0.90000000000000000000000000000000000000000000000000000,,,,,,1/9,,,15/32,,,,1/10,,,,,,,D,,,,,,,3/8,,,,,S ,,,,,18 to 24 years,Male,Completed some postgraduate,5,5,5c257d27da51990001e278db
7/26/2020 9:40:35,7/26/2020 9:46:46,IP Address,31.52.114.136,100,371,True,7/26/2020 9:46:46,R_pzwjMeW9zrk3ixz,,,,,56.529205322265625,-3.074493408203125,anonymous,EN,0.90000000000000000000000000000000000000000000000000000,,,,1/36,,,,,,15/32,,,,,,,1/20,,,,,,,C,,3/8,,,,,,,,,Swati,,18 to 24 years,Male,Bachelor's degree,10,3,57843b986475d400015a8e45
7/26/2020 9:44:40,7/26/2020 9:46:54,IP Address,82.44.217.36,100,134,True,7/26/2020 9:46:55,R_1P2ebwIijKTX0j5,,,,,55.9409027099609375,-3.2938995361328125,anonymous,EN,0.90000000000000000000000000000000000000000000000000000,,,,,,1/9,,,,,,5/16,,,1/25,,,,,,,,C,,,,,3/10,,,,S ,,,,,25 to 34 years,Female,High school graduate,3,2,5ee0a3bc2f43f70568e950a3
7/26/2020 9:42:26,7/26/2020 9:46:57,IP Address,86.63.98.45,100,270,True,7/26/2020 9:46:57,R_1jwy6ovrqpQZhSH,,,,,53.149200439453125,16.74609375,anonymous,EN,0.90000000000000000000000000000000000000000000000000000,,1/6,,,,,,,,15/32,,,,1/10,,,,,,,,E,,,,,3/8,,,,,,,Swati,,,18 to 24 years,Male,High school graduate,like 5,5,5ec3022338a19e143412435f
7/26/2020 9:40:48,7/26/2020 9:46:58,IP Address,80.103.116.249,100,369,True,7/26/2020 9:46:58,R_1LFFPn7LSR7DamY,,,,,41.2799072265625,1.973297119140625,anonymous,EN,0.90000000000000000000000000000000000000000000000000000,,1/24,,,,,,,,,15/32,,,1/10,,,,,,,,D,,,,,3/8,,,,S,,,,,,18 to 24 years,Male,High school graduate,4,4,5dc0077fd819104566394afa
7/26/2020 9:41:48,7/26/2020 9:47:04,IP Address,92.4.241.225,100,315,True,7/26/2020 9:47:04,R_29nUoB6Ytc46kMZ,,,,,52.1576995849609375,-0.699493408203125,anonymous,EN,0.90000000000000000000000000000000000000000000000000000,,,,,1/36,,,,,,15/32,,,,,,1/10,,,E,,,,,,3/8,,,,,S,,,,,,18 to 24 years,Male,Bachelor's degree,6,5,5c71a60d28b40f0001f07657
7/26/2020 9:44:10,7/26/2020 9:47:04,IP Address,93.215.221.51,100,174,True,7/26/2020 9:47:05,R_1K2aHC3KxW2T8nB,,,,,49.8368072509765625,7.8647003173828125,anonymous,EN,0.90000000000000000000000000000000000000000000000000000,,,,,,1/9,,,,,1/3,,,,,,,1/50,,,B,,,,,,1/4,,,,,,,,,Asha,25 to 34 years,Male,Completed some college,3,1,5adb5107f6b58c0001fa3533
7/26/2020 9:42:32,7/26/2020 9:47:07,IP Address,88.106.6.148,100,275,True,7/26/2020 9:47:08,R_3fvfV82a2hrhaSw,,,,,53.480194091796875,-2.18670654296875,anonymous,EN,0.90000000000000000000000000000000000000000000000000000,1/6,,,,,,15/32,,,,,,,,1/10,,,,,C,,,,,,,,3/8,,,S,,,,,,25 to 34 years,,Completed some postgraduate,5,4,5ee66b081fb73f3dd35cdae3
7/26/2020 9:40:41,7/26/2020 9:47:09,IP Address,83.9.209.245,100,388,True,7/26/2020 9:47:10,R_2QM1Nucwp466aJV,,,,,52.027801513671875,23.1154022216796875,anonymous,EN,0.90000000000000000000000000000000000000000000000000000,,,,,,1/9,,,,,,15/32,,,,1/10,,,,,,,D,,,,,,3/8,,,,,Swati,,,18 to 24 years,Male,High school graduate,5-10,5,5e99c5be1a0c87028c125183
7/26/2020 9:41:14,7/26/2020 9:47:10,IP Address,67.233.106.255,100,355,True,7/26/2020 9:47:10,R_1lgj6FeoywX2u36,,,,,37.893096923828125,-78.33860015869140625,anonymous,EN,0.90000000000000000000000000000000000000000000000000000,,,,1/9,,,,,,,,15/32,,,,,1/10,,,,E,,,,,,,,3/8,,,,,Swati,,,18 to 24 years,Male,Associate degree,3,6,5e91350e16b81046df5dcf52
7/26/2020 9:42:39,7/26/2020 9:47:16,IP Address,2.82.116.168,100,277,True,7/26/2020 9:47:16,R_1gIN8jC8L5jk12o,,,,,41.145294189453125,-8.529296875,anonymous,EN,0.90000000000000000000000000000000000000000000000000000,,,,1/18,,,,,,,15/32,,,,,1/10,,,,,,B,,,,,,,3/8,,,,,,,Swati,18 to 24 years,Male,High school graduate,7,4,5e82a86895c1fb8b91c05522
7/26/2020 9:37:58,7/26/2020 9:47:23,IP Address,45.65.65.18,100,564,True,7/26/2020 9:47:23,R_Du9mdcdCcrYH9u1,,,,,38.116302490234375,-1.3003997802734375,anonymous,EN,0.90000000000000000000000000000000000000000000000000000,,,,,,1/9,,,,,15/32,,,,,,1/10,,D,,,,,,,,,,,3/8,,,Swati,,,,25 to 34 years,Female,Master's degree,a little less than 10 minutes,5,5daec9633990ed0014564662
7/26/2020 9:38:45,7/26/2020 9:47:27,IP Address,84.52.185.208,100,521,True,7/26/2020 9:47:27,R_3LX6b1vCYYc2WSA,,,,,46.36920166015625,14.1136016845703125,anonymous,EN,0.90000000000000000000000000000000000000000000000000000,,,,,,1/9,,,,,15/32,,,,,,1/10,,,,,D,,,3/8,,,,,,,,,,Swati,,18 to 24 years,Female,High school graduate,5,5,5ef1d682103d8201cd945410
7/26/2020 9:43:59,7/26/2020 9:47:27,IP Address,47.62.175.51,100,207,True,7/26/2020 9:47:27,R_vdH5EvsT4UddsJP,,,,,36.537994384765625,-4.62750244140625,anonymous,EN,0.90000000000000000000000000000000000000000000000000000,,,,,1/6,,,,,,,3/16,,,,,1/50,,,,,D,,,,2/5,,,,,S,,,,,,25 to 34 years,Female,Master's degree,3,1,5ecccc875f9dd88be1cc5ae7
7/26/2020 9:37:44,7/26/2020 9:47:28,IP Address,184.146.182.158,100,583,True,7/26/2020 9:47:28,R_2VPWSenLnFGo3NY,,,,,43.701202392578125,-79.38770294189453125,anonymous,EN,0.90000000000000000000000000000000000000000000000000000,,,,1/9,,,15/32,,,,,,,,1/10,,,,,,,E,,,,,3/8,,,,,,,,,Swati,Age 65 or older,Male,Completed some college,5,6,5e86c11942701c2ffda5d113
7/26/2020 9:41:38,7/26/2020 9:47:31,IP Address,94.65.235.72,100,353,True,7/26/2020 9:47:31,R_wN0B9xD2yLNJbZT,,,,,37.9842071533203125,23.7353057861328125,anonymous,EN,0.90000000000000000000000000000000000000000000000000000,,,,,,1/36,3/16,,,,,,1/20,,,,,,,D,,,,,,,,3/8,,,,,,,Swati,,35 to 44 years,Male,High school graduate,3,2,5cc4ba84ef83da0016cffaa9
7/26/2020 9:42:19,7/26/2020 9:47:37,IP Address,79.13.84.78,100,318,True,7/26/2020 9:47:37,R_2SxkOAMktfqFqqu,,,,,40.85260009765625,14.26849365234375,anonymous,EN,0.90000000000000000000000000000000000000000000000000000,,1/36,,,,,,,5/16,,,,1/20,,,,,,,,,,,B,,,,,3/8,,,,,,,Swati,25 to 34 years,Female,Bachelor's degree,5,2,5c129f53c27527000196c925
7/26/2020 9:42:39,7/26/2020 9:47:38,IP Address,176.248.251.195,100,299,True,7/26/2020 9:47:38,R_cCNiU5PCKOrrug1,,,,,51.6027069091796875,-0.1719970703125,anonymous,EN,0.90000000000000000000000000000000000000000000000000000,,1/6,,,,,15/32,,,,,,,,,,1/10,,,E,,,,,,,,3/8,,,,,,Swati,,,25 to 34 years,Female,Master's degree,7,5,5e7e08e1dd6f1a49f2c211cb
7/26/2020 9:42:48,7/26/2020 9:47:39,IP Address,37.152.209.242,100,291,True,7/26/2020 9:47:39,R_2VNOs5yT4QsuhpC,,,,,55.002105712890625,-1.628692626953125,anonymous,EN,0.90000000000000000000000000000000000000000000000000000,,,1/36,,,,,,,15/32,,,,,,,,1/10,,,,,D,,,,,3/8,,,,,,,Swati,,45 to 54 years,Female,Bachelor's degree,5,4,5e529e9ad9a7ea2ab55835f2
7/26/2020 9:43:50,7/26/2020 9:47:39,IP Address,85.75.77.9,100,228,True,7/26/2020 9:47:40,R_Op80xhuAtesI6D7,,,,,37.9842071533203125,23.7353057861328125,anonymous,EN,0.90000000000000000000000000000000000000000000000000000,,,,,1/36,,,,,,15/32,,,,,1/5,,,,,D,,,,,,3/8,,,,,,Swati,,,,18 to 24 years,Male,Bachelor's degree,7,3,5deef5412dc5c65901b17bef
7/26/2020 9:43:26,7/26/2020 9:47:42,IP Address,109.196.0.1,100,255,True,7/26/2020 9:47:42,R_28MM82qdZd6jbMM,,,,,52.42449951171875,19.460601806640625,anonymous,EN,0.300000000000000000000000000000000000000000000000000000,,,,,,1/24,,,,15/32,,,1/25,,,,,,E,,,,,,,,1/4,,,,,,Swati,,,,18 to 24 years,Male,Other advanced degree beyond a Master's degree,3,3,5e01325515ef40d2db1133ea
7/26/2020 9:36:08,7/26/2020 9:47:43,IP Address,89.153.253.169,100,695,True,7/26/2020 9:47:43,R_qO2qSd3PwKos0RX,,,,,41.184600830078125,-8.4618988037109375,anonymous,EN,0.7000000000000000000000000000000000000000000000000000,,,,,1/9,,,15/32,,,,,,,,,1/10,,,,,,,E,,3/8,,,,,,,,,Swati,,18 to 24 years,Male,High school graduate,10,6,5ec2db0025710a10cf4966ec
7/26/2020 9:36:04,7/26/2020 9:47:49,IP Address,189.144.81.109,100,705,True,7/26/2020 9:47:50,R_2vet89vtsbWfvdb,,,,,19.4810943603515625,-99.14170074462890625,anonymous,EN,0.90000000000000000000000000000000000000000000000000000,,,,,1/6,,,,15/32,,,,1/50,,,,,,,,,,E,,,,3/8,,,,,S ,,,,,18 to 24 years,Male,High school graduate,8,4,5eceffdf967c2c3253abc56c
7/26/2020 9:42:46,7/26/2020 9:47:52,IP Address,87.196.31.54,100,305,True,7/26/2020 9:47:52,R_1Qrpwy4YN0ftHrs,,,,,41.453399658203125,-8.1638031005859375,anonymous,EN,0.90000000000000000000000000000000000000000000000000000,1/18,,,,,,,,,15/32,,,,,1/50,,,,B,,,,,,3/8,,,,,,,,,,Swati,,18 to 24 years,Female,Completed some high school,4,3,5ee8c311b90cb31db14a10b4
7/26/2020 9:40:55,7/26/2020 9:47:55,IP Address,83.23.241.85,100,420,True,7/26/2020 9:47:56,R_2Wx69mRO4k83JgL,,,,,54.4994049072265625,18.551300048828125,anonymous,EN,0.90000000000000000000000000000000000000000000000000000,,,1/18,,,,,,,15/32,,,,,,,,1/10,,,,E,,,,,,1/4,,,,,Swati,,,,18 to 24 years,Female,Completed some high school,4,4,5ee4d27c6cb133047209064f
7/26/2020 9:42:01,7/26/2020 9:47:56,IP Address,2.233.129.143,100,355,True,7/26/2020 9:47:57,R_6PS50vCHQSOrsch,,,,,45.4904937744140625,12.24249267578125,anonymous,EN,0.90000000000000000000000000000000000000000000000000000,,,,,,1/9,,,15/32,,,,,,1/10,,,,D,,,,,,,3/8,,,,,,,,,Swati,,18 to 24 years,Male,High school graduate,4,5,5db9e0044a8eb40431d5e782
7/26/2020 9:37:56,7/26/2020 9:48:00,IP Address,169.0.218.238,100,604,True,7/26/2020 9:48:00,R_2zuSZ8oLR2IKEcW,,,,,-25.7570037841796875,28.1443023681640625,anonymous,EN,0.90000000000000000000000000000000000000000000000000000,,,,,1/36,,5/16,,,,,,,,1/25,,,,,,D,,,,,,,3/8,,,,,,Swati,,,35 to 44 years,Male,High school graduate,10,2,5eb3a734d249ac18a413063a
7/26/2020 9:44:56,7/26/2020 9:48:05,IP Address,46.232.130.25,100,188,True,7/26/2020 9:48:05,R_bqOTF4HUtBt2zPH,,,,,51.2165069580078125,22.503997802734375,anonymous,EN,0.7000000000000000000000000000000000000000000000000000,1/24,,,,,,,,,,,3/16,,,,,,1/10,,,,,D,,,,,,,3/8,A,,,,,,18 to 24 years,Male,Bachelor's degree,idk,2,5e87653169fad1081a165532
7/26/2020 9:40:29,7/26/2020 9:48:08,IP Address,83.6.29.53,100,458,True,7/26/2020 9:48:08,R_d74MDMJ9PnUAaiJ,,,,,52.2559967041015625,21.0034027099609375,anonymous,EN,0.90000000000000000000000000000000000000000000000000000,,1/9,,,,,,,,,,15/32,1/20,,,,,,,,,,,B,,,,,3/8,,,,Swati,,,,18 to 24 years,Male,High school graduate,8,4,5eb170206e577a07e9954c65
7/26/2020 9:42:25,7/26/2020 9:48:08,IP Address,73.67.168.125,100,343,True,7/26/2020 9:48:09,R_2AMXT2SXw0yiCP3,,,,,44.627899169921875,-123.0592041015625,anonymous,EN,0.7000000000000000000000000000000000000000000000000000,,,,,1/36,,1/2,,,,,,,1/25,,,,,,E,,,,,2/5,,,,,,,,,Swati,,,25 to 34 years,Male,Bachelor's degree,5,2,5ee8063e86c62b1003993c99
7/26/2020 9:39:00,7/26/2020 9:48:15,IP Address,82.18.27.204,100,554,True,7/26/2020 9:48:16,R_3hncdRilkrtSNqW,,,,,52.61810302734375,-1.1804046630859375,anonymous,EN,0.90000000000000000000000000000000000000000000000000000,,,1/9,,,,,,,,15/32,,1/10,,,,,,E,,,,,,,3/8,,,,,,S ,,,,,18 to 24 years,Male,Bachelor's degree,8,6,5c770e63a2b09c0001a821cc
7/26/2020 9:41:39,7/26/2020 9:48:23,IP Address,86.162.135.49,100,403,True,7/26/2020 9:48:23,R_2aXjkPhgtJUwFRO,,,,,53.8531036376953125,-2.2129974365234375,anonymous,EN,0.90000000000000000000000000000000000000000000000000000,,,,,1/9,,,15/32,,,,,,,,1/10,,,,,,C,,,,,,3/8,,,,S ,,,,,18 to 24 years,Male,Associate degree,around 6 minutes not sure,5,5eaba058fb863f187c27073a
7/26/2020 9:42:23,7/26/2020 9:48:25,IP Address,147.236.156.54,100,362,True,7/26/2020 9:48:25,R_2TtQMxwlacUhX50,,,,,32.066497802734375,34.76519775390625,anonymous,EN,0.90000000000000000000000000000000000000000000000000000,,,,,,1/9,,,,,,15/32,,,,1/10,,,,,,,,B,,,,,3/8,,,,,,Swati,,25 to 34 years,Male,Bachelor's degree,6,5,5ea60503456e580cde43cdba
7/26/2020 9:37:42,7/26/2020 9:48:31,IP Address,109.170.202.97,100,649,True,7/26/2020 9:48:31,R_eqzKwuvuirPt7wJ,,,,,54.39239501953125,-2.926605224609375,anonymous,EN,0.90000000000000000000000000000000000000000000000000000,1/6,,,,,,,,,,,15/32,,,1/10,,,,,,,D,,,,,,,3/8,,,,,,,Swati,18 to 24 years,Female,Bachelor's degree,10,4,5eb52f7dec54903aaaea2a74
7/26/2020 9:42:43,7/26/2020 9:48:37,IP Address,174.114.103.130,100,354,True,7/26/2020 9:48:37,R_2Y4dfyBomMsyVPZ,,,,,45.3972930908203125,-75.68830108642578125,anonymous,EN,0.90000000000000000000000000000000000000000000000000000,,1/6,,,,,,,,,,15/32,1/10,,,,,,,B,,,,,,,,,3/8,,S,,,,,,18 to 24 years,,Completed some college,10,4,5e5d5bca1322f00407344ee0
7/26/2020 9:40:25,7/26/2020 9:48:37,IP Address,83.61.128.34,100,492,True,7/26/2020 9:48:38,R_2Sv43EDFc3oCrgo,,,,,41.58099365234375,1.6172027587890625,anonymous,EN,0.90000000000000000000000000000000000000000000000000000,,,,,,1/36,,15/32,,,,,,,1/25,,,,,,D,,,,,,3/8,,,,,,Swati,,,,25 to 34 years,Male,Completed some college,6,3,59cc30fa5e01580001977a0d
7/26/2020 9:40:08,7/26/2020 9:48:40,IP Address,188.76.66.239,100,512,True,7/26/2020 9:48:41,R_UruHb9iC4u3z1W9,,,,,41.2799072265625,1.973297119140625,anonymous,EN,0.90000000000000000000000000000000000000000000000000000,1/36,,,,,,,,15/32,,,,,1/10,,,,,E,,,,,,,,,,3/8,,,,,Swati,,,35 to 44 years,Male,Bachelor's degree,Six minutes around,5,578568e525cb710001288d95
7/26/2020 9:44:42,7/26/2020 9:48:43,IP Address,86.159.129.92,100,240,True,7/26/2020 9:48:43,R_27mtIYhIwffM95b,,,,,51.5531005859375,0.2783966064453125,anonymous,EN,0.90000000000000000000000000000000000000000000000000000,,1/6,,,,,,,,,15/32,,1/25,,,,,,,,,,D,,,,,,,1/2,,,,Swati,,,25 to 34 years,Female,High school graduate,5 ,2,5e2b91769247f41e026b6cec
7/26/2020 9:37:08,7/26/2020 9:48:45,IP Address,46.27.121.51,100,697,True,7/26/2020 9:48:45,R_p6kemF1E72pi7Zf,,,,,42.3502044677734375,-3.67529296875,anonymous,EN,0.90000000000000000000000000000000000000000000000000000,,,1/36,,,,,,,3/16,,,1/20,,,,,,,,,,A,,,,3/8,,,,S,,,,,,35 to 44 years,Female,Bachelor's degree,15,2,5bf5a96621b91000019e8111
7/26/2020 9:40:26,7/26/2020 9:48:45,IP Address,66.229.25.203,100,498,True,7/26/2020 9:48:45,R_2trNi2P3v16oKWm,,,,,25.49310302734375,-80.4344024658203125,anonymous,EN,0.90000000000000000000000000000000000000000000000000000,,,,1/9,,,,,,,15/32,,,,1/10,,,,,,,,,E,,,,3/8,,,,,,,,Swati,18 to 24 years,Male,Completed some college,6,6,5ea35bfe13923f2ca4ce450b
7/26/2020 9:44:16,7/26/2020 9:49:00,IP Address,5.29.1.28,100,284,True,7/26/2020 9:49:01,R_eEu4fxkWZ4k3GbT,,,,,32.1678924560546875,34.8339996337890625,anonymous,EN,0.90000000000000000000000000000000000000000000000000000,1/9,,,,,,,,,,,15/32,,,,,,1/10,,,,,D,,,3/8,,,,,,S ,,,,,35 to 44 years,Male,Bachelor's degree,4,5,5c8806ea5497fe0016a65a6c
7/26/2020 9:42:41,7/26/2020 9:49:07,IP Address,178.118.60.67,100,385,True,7/26/2020 9:49:07,R_2WJgrAZmCMkY1An,,,,,50.9927978515625,3.2631988525390625,anonymous,EN,0.90000000000000000000000000000000000000000000000000000,,,1/9,,,,,,,,15/32,,,,,1/10,,,,E,,,,,3/8,,,,,,S,,,,,,18 to 24 years,Male,Completed some college,5,6,5ead964b6528b14342ab46ca
7/26/2020 9:44:59,7/26/2020 9:49:10,IP Address,191.119.62.66,100,250,True,7/26/2020 9:49:10,R_9vQty1UjIXQ43K1,,,,,-33.4512939453125,-70.6652984619140625,anonymous,EN,0.90000000000000000000000000000000000000000000000000000,,,,,1/24,,,,,,,15/32,,,,,1/50,,,,C,,,,,3/8,,,,,,,,,,Swati,25 to 34 years,Male,Associate degree,7,3,5df773aca2c696510cefd753
7/26/2020 9:42:18,7/26/2020 9:49:29,IP Address,87.5.164.30,100,430,True,7/26/2020 9:49:29,R_1OjzP19bimRpDb8,,,,,45.6974029541015625,9.6674041748046875,anonymous,EN,0.90000000000000000000000000000000000000000000000000000,,1/36,,,,,,,15/32,,,,,,,,1/10,,E,,,,,,,,,,3/8,,,,,,Swati,,25 to 34 years,Male,Bachelor's degree,10,5,5c894740d34170000141e4b8
7/26/2020 9:41:15,7/26/2020 9:49:30,IP Address,92.138.53.206,100,495,True,7/26/2020 9:49:30,R_3fxBWJnuPQn9f7j,,,,,49.119903564453125,6.17120361328125,anonymous,EN,0.90000000000000000000000000000000000000000000000000000,,,,1/9,,,,,,15/32,,,1/10,,,,,,,,,A,,,,,2/5,,,,,S ,,,,,25 to 34 years,Male,Master's degree,about 10 minutes,4,5e9ae1ccb0904517424bf970
7/26/2020 9:40:50,7/26/2020 9:49:38,IP Address,95.169.225.218,100,528,True,7/26/2020 9:49:38,R_TnqP9QeY9wdPUxr,,,,,41.38909912109375,2.161102294921875,anonymous,EN,0.90000000000000000000000000000000000000000000000000000,,,1/18,,,,,,,,15/32,,,1/5,,,,,,,,,B,,,,3/8,,,,,,,,,Asha,25 to 34 years,Male,Bachelor's degree,7 ,2,5e9324e0019f08188c80f45a
7/26/2020 9:43:51,7/26/2020 9:49:39,IP Address,150.254.193.204,100,348,True,7/26/2020 9:49:40,R_3Eg3ShzyoGv6c2I,,,,,52.385101318359375,16.8838958740234375,anonymous,EN,0.90000000000000000000000000000000000000000000000000000,1/9,,,,,,,15/32,,,,,,,,1/10,,,,E,,,,,,,,3/8,,,,,,,Swati,,18 to 24 years,Male,High school graduate,5,6,5daa07c13b410d0017c55e2f
7/26/2020 9:43:15,7/26/2020 9:49:43,IP Address,2.83.15.218,100,387,True,7/26/2020 9:49:43,R_R2kL6iJYPvUAwjn,,,,,41.6884002685546875,-8.8285064697265625,anonymous,EN,0.90000000000000000000000000000000000000000000000000000,,,,,1/9,,,,,,5/16,,,,,1/50,,,D,,,,,,,3/8,,,,,,,,,Asha,,18 to 24 years,Male,Bachelor's degree,5 ,2,5e5e3f5c9dad80156c98b89c
7/26/2020 9:43:39,7/26/2020 9:49:44,IP Address,80.194.169.95,100,365,True,7/26/2020 9:49:45,R_3RmFlExyyX8eSGs,,,,,52.5319976806640625,-1.81500244140625,anonymous,EN,0.90000000000000000000000000000000000000000000000000000,,1/24,,,,,,,,15/32,,,,,,1/10,,,,,,,C,,,,,,,1/2,,,,,,Swati,35 to 44 years,Female,Bachelor's degree,6,3,55ad5706fdf99b649ca5a47c
7/26/2020 9:44:45,7/26/2020 9:49:45,IP Address,95.160.158.20,100,300,True,7/26/2020 9:49:45,R_T00SuAvSYUOB7Tb,,,,,52.2411041259765625,21.005706787109375,anonymous,EN,0.90000000000000000000000000000000000000000000000000000,,,,1/6,,,15/32,,,,,,,1/10,,,,,,,E,,,,,,,,,3/8,S,,,,,,18 to 24 years,Male,High school graduate,3,5,5eff500d4ff2094b67a2bb92
7/26/2020 9:39:47,7/26/2020 9:49:48,IP Address,213.107.128.126,100,601,True,7/26/2020 9:49:48,R_1NxZvZ1Bfy5VhqM,,,,,52.5126953125,-1.450897216796875,anonymous,EN,0.90000000000000000000000000000000000000000000000000000,,,,1/36,,,,,,,15/32,,,,1/10,,,,C,,,,,,,,,,3/8,,,,Swati,,,,35 to 44 years,Female,Completed some college,12,4,597b96d040ffde0001644515
7/26/2020 9:44:59,7/26/2020 9:49:52,IP Address,185.187.55.240,100,293,True,7/26/2020 9:49:52,R_2SlvkxsdEoBqAPY,,,,,50.0196075439453125,20.9853057861328125,anonymous,EN,0.90000000000000000000000000000000000000000000000000000,,,1/9,,,,,,,,,15/32,,,,,,1/10,,,E,,,,,,3/8,,,,,,,,Swati,,18 to 24 years,Male,High school graduate,5,6,5ebdbed3af523e0fc764b992
7/26/2020 9:42:49,7/26/2020 9:49:57,IP Address,94.69.250.234,100,427,True,7/26/2020 9:49:57,R_uq4mokkclzz93Yl,,,,,40.6381072998046875,22.94549560546875,anonymous,EN,0.90000000000000000000000000000000000000000000000000000,,,1/36,,,,15/32,,,,,,,,,1/5,,,,E,,,,,,3/8,,,,,,,,,,Mohtarma,18 to 24 years,Male,Bachelor's degree,6,3,5eec65b6f9a5a948009b923f
7/26/2020 9:44:47,7/26/2020 9:49:59,IP Address,217.39.53.82,100,311,True,7/26/2020 9:49:59,R_1ln6DvVH8wz19Zg,,,,,53.4403076171875,-0.5883026123046875,anonymous,EN,0.90000000000000000000000000000000000000000000000000000,1/24,,,,,,,,5/16,,,,,,,,,1/25,,,,A,,,,,,3/10,,,S,,,,,,55 to 64 years,Male,High school graduate,8mins,1,5dd9347ce2dcbd8b0dcb1c7f
7/26/2020 9:37:33,7/26/2020 9:50:00,IP Address,85.243.246.178,100,747,True,7/26/2020 9:50:00,R_ONKOejyX48N4dbz,,,,,38.7191925048828125,-9.391693115234375,anonymous,EN,0.90000000000000000000000000000000000000000000000000000,,,1/18,,,,,15/32,,,,,,,1/5,,,,E,,,,,,,2/5,,,,,,,,,,Swati,18 to 24 years,Female,"Ph.D., law or medical degree",10,3,5db0588f2fbdc6001a2be11f
7/26/2020 9:42:31,7/26/2020 9:50:04,IP Address,81.243.150.29,100,453,True,7/26/2020 9:50:05,R_3fTurlrexLI8S0A,,,,,50.6033935546875,3.3798980712890625,anonymous,EN,0.90000000000000000000000000000000000000000000000000000,,,1/6,,,,3/16,,,,,,,,1/20,,,,,D,,,,,,,,3/10,,,,,,Swati,,,25 to 34 years,Female,Bachelor's degree,5,1,5cd46ec1002768001537fa9d
7/26/2020 9:42:49,7/26/2020 9:50:12,IP Address,192.166.202.45,100,443,True,7/26/2020 9:50:12,R_3gRD5qL2NTAbCmI,,,,,50.0475006103515625,19.9499969482421875,anonymous,EN,0.90000000000000000000000000000000000000000000000000000,,,,,,1/9,,,,,15/32,,,,,1/10,,,,,,D,,,,,3/8,,,,,S ,,,,,25 to 34 years,Female,Master's degree,5,5,5ee671e1a056ff3db90242f8
7/26/2020 9:39:33,7/26/2020 9:50:18,IP Address,37.225.4.230,100,645,True,7/26/2020 9:50:18,R_2qCzGXLRzss25z7,,,,,52.2393951416015625,21.03619384765625,anonymous,EN,0.90000000000000000000000000000000000000000000000000000,,,1/9,,,,15/32,,,,,,,,,,,1/10,,,,,E,,,3/8,,,,,,,Swati,,,,18 to 24 years,Female,High school graduate,less than 10 minutes,6,5e7b1409f898741063f7a2f1
7/26/2020 9:44:28,7/26/2020 9:50:27,IP Address,94.193.132.90,100,359,True,7/26/2020 9:50:28,R_1ClMoINe3Y80lk1,,,,,53.6833038330078125,-2.9167022705078125,anonymous,EN,0.90000000000000000000000000000000000000000000000000000,,,,1/6,,,,15/32,,,,,,,1/10,,,,,,D,,,,,,,3/8,,,S,,,,,,25 to 34 years,Male,Completed some college,5,4,5eaec7426d4da659d804db56
7/26/2020 9:44:43,7/26/2020 9:50:29,IP Address,151.73.133.120,100,346,True,7/26/2020 9:50:29,R_2veUKzogHCXLIcR,,,,,40.85260009765625,14.26849365234375,anonymous,EN,0.90000000000000000000000000000000000000000000000000000,,,,,,1/6,,,,,1/3,,,,,1/20,,,,,,D,,,,,,2/5,,,S,,,,,,25 to 34 years,Male,Master's degree,5,1,5e958fc68ee4fe91ca00328d
7/26/2020 9:45:09,7/26/2020 9:50:31,IP Address,186.10.201.136,100,321,True,7/26/2020 9:50:31,R_1o6Y0tujxaD0r8t,,,,,-33.4512939453125,-70.6652984619140625,anonymous,EN,0.90000000000000000000000000000000000000000000000000000,1/36,,,,,,,,15/32,,,,,1/10,,,,,,,,C,,,,,,,,3/8,,,Swati,,,,18 to 24 years,Male,High school graduate,6 minutes,4,5c60c298af517e0001a00b00
7/26/2020 9:44:37,7/26/2020 9:50:31,IP Address,151.40.235.202,100,353,True,7/26/2020 9:50:31,R_2holxn9vYwm6Cd3,,,,,43.77850341796875,11.2494049072265625,anonymous,EN,0.7000000000000000000000000000000000000000000000000000,1/9,,,,,,15/32,,,,,,,1/20,,,,,A,,,,,,,3/8,,,,,,,,,,Swati,18 to 24 years,Male,High school graduate,8,4,5e8b51bdd7b95a01611b2efe
7/26/2020 9:43:28,7/26/2020 9:50:31,IP Address,81.99.149.134,100,423,True,7/26/2020 9:50:32,R_33rwB0UNms2CJi1,,,,,53.5915069580078125,-2.393096923828125,anonymous,EN,0.7000000000000000000000000000000000000000000000000000,,,,,1/24,,,,,,,5/16,,,,,,1/20,,,D,,,,,,3/8,,,,,,,,,Swati,45 to 54 years,Male,High school graduate,8,2,5e5fa18acf9c042ddcb82a8a
7/26/2020 9:44:50,7/26/2020 9:50:33,IP Address,85.73.147.49,100,343,True,7/26/2020 9:50:33,R_2fjTU0EuhhP4Hkw,,,,,37.9842071533203125,23.7353057861328125,anonymous,EN,0.90000000000000000000000000000000000000000000000000000,,1/18,,,,,,,,,15/32,,,,,1/10,,,,E,,,,,,3/8,,,,,,,,,Swati,,18 to 24 years,Female,Bachelor's degree,3,5,5d820531b677580001847761
7/26/2020 9:45:02,7/26/2020 9:50:40,IP Address,86.156.81.249,100,337,True,7/26/2020 9:50:40,R_3fN1PFNFuNkz9IN,,,,,53.4971923828125,-1.1808013916015625,anonymous,EN,0.90000000000000000000000000000000000000000000000000000,1/9,,,,,,,15/32,,,,,,1/10,,,,,,,,E,,,,,3/8,,,,,,,,,Swati,55 to 64 years,Female,High school graduate,5,6,5aff493f331e8100018f130d
7/26/2020 9:43:44,7/26/2020 9:50:40,IP Address,37.164.74.98,100,416,True,7/26/2020 9:50:41,R_3hbVqQ6HXeJ6uFZ,,,,,48.8582000732421875,2.3386993408203125,anonymous,EN,0.90000000000000000000000000000000000000000000000000000,,,,,1/9,,15/32,,,,,,,,,,1/10,,E,,,,,,,,,3/8,,,,S ,,,,,18 to 24 years,Male,Completed some college,7,6,5f04b16058d1c275e65c2db0
7/26/2020 9:44:36,7/26/2020 9:50:47,IP Address,86.9.180.42,100,371,True,7/26/2020 9:50:47,R_2SvoE9DtREZ4IsS,,,,,54.0001068115234375,-1.5352020263671875,anonymous,EN,0.90000000000000000000000000000000000000000000000000000,,,,,,1/36,,,,,15/32,,,,1/50,,,,,,,,C,,,1/2,,,,,S,,,,,,45 to 54 years,Male,Bachelor's degree,5,2,5c635a08e30ff200016badb9
7/26/2020 9:43:52,7/26/2020 9:50:48,IP Address,93.173.245.240,100,416,True,7/26/2020 9:50:49,R_1jTX7EcOrETOlHz,,,,,32.066497802734375,34.76519775390625,anonymous,EN,0.90000000000000000000000000000000000000000000000000000,,,,1/9,,,,15/32,,,,,1/10,,,,,,,,E,,,,,,,3/8,,,,,,,,Swati,25 to 34 years,Male,Bachelor's degree,7,6,5ed539ff129cb40aacbbce90
7/26/2020 9:44:40,7/26/2020 9:51:01,IP Address,82.132.232.240,100,381,True,7/26/2020 9:51:01,R_1OPl5v43RR1ykDr,,,,,51.49639892578125,-0.122406005859375,anonymous,EN,,,,,,,1/9,,,,1/3,,,,1/5,,,,,,A,,,,,,,,3/8,,,,,,,Swati,,35 to 44 years,Female,Bachelor's degree,5,3,5e2237a7e1f467511c0fa105
7/26/2020 9:44:37,7/26/2020 9:51:03,IP Address,2.81.68.163,100,386,True,7/26/2020 9:51:03,R_2pKsvxBQOuWlRTU,,,,,40.6609954833984375,-7.909698486328125,anonymous,EN,0.90000000000000000000000000000000000000000000000000000,,,1/9,,,,,15/32,,,,,,,,,1/10,,,,D,,,,3/8,,,,,,,S ,,,,,18 to 24 years,Female,Bachelor's degree,I did not notice (around 10 min?),5,5c4c53b95aa8dc00011b0dce
7/26/2020 9:43:36,7/26/2020 9:51:14,IP Address,79.18.105.60,100,457,True,7/26/2020 9:51:15,R_2zHcsT4Udpnz9lX,,,,,41.8903961181640625,12.5124053955078125,anonymous,EN,0.90000000000000000000000000000000000000000000000000000,,,1/18,,,,15/32,,,,,,,,,,,1/50,,,,,,C,,,,3/8,,,,,,,,Swati,35 to 44 years,Female,High school graduate,5,3,58e0d6aaf0ec8a000120b50c
7/26/2020 9:43:40,7/26/2020 9:51:23,IP Address,196.50.230.174,100,462,True,7/26/2020 9:51:23,R_10DjWlFfm4blTs3,,,,,-33.9669036865234375,25.582794189453125,anonymous,EN,0.90000000000000000000000000000000000000000000000000000,1/6,,,,,,,,,,,15/32,,1/10,,,,,,,,E,,,,,,,3/8,,,,,,Swati,,18 to 24 years,Female,High school graduate,5 minutes,5,5ea16543733b420009d7800e
7/26/2020 9:44:26,7/26/2020 9:51:23,IP Address,31.183.232.159,100,417,True,7/26/2020 9:51:31,R_DxliTmyX4kfCiyJ,,,,,51.7631988525390625,19.4756927490234375,anonymous,EN,0.90000000000000000000000000000000000000000000000000000,,,,,1/9,,,,,,,15/32,,,,1/10,,,,B,,,,,,,,3/8,,,,,Swati,,,,18 to 24 years,Male,High school graduate,6,5,5e984c6428d7fb04c21a3bf5
7/26/2020 9:44:48,7/26/2020 9:51:34,IP Address,92.106.101.79,100,406,True,7/26/2020 9:51:34,R_2t3SxN8jDg53Uzi,,,,,46.94580078125,7.4481048583984375,anonymous,EN,0.90000000000000000000000000000000000000000000000000000,,,,1/18,,,,,,,,15/32,,1/20,,,,,,,E,,,,,,,,3/8,,,,Swati,,,,18 to 24 years,Male,Master's degree,5,4,5d407c8ad987a10017d63281
7/26/2020 9:37:59,7/26/2020 9:51:35,IP Address,189.151.50.158,100,816,True,7/26/2020 9:51:35,R_5i0o6qIX1cH8h21,,,,,19.4521942138671875,-99.09429931640625,anonymous,EN,0.90000000000000000000000000000000000000000000000000000,,,,1/9,,,,,,15/32,,,,,,,1/10,,,,,,,C,,,,,3/8,,,S ,,,,,25 to 34 years,Male,Bachelor's degree,10 minutes,5,5ea4bfa322a58c3103cdda42
7/26/2020 9:43:25,7/26/2020 9:51:35,IP Address,88.196.92.35,100,490,True,7/26/2020 9:51:36,R_xgsPX2SVVj8dLC9,,,,,58.222503662109375,26.4210968017578125,anonymous,EN,0.90000000000000000000000000000000000000000000000000000,,,,,1/6,,,,,15/32,,,1/5,,,,,,,D,,,,,,,,,3/8,,,,,Swati,,,18 to 24 years,Female,Completed some college,7 minutes,3,5ed67565e923be0aaf9e3cca
7/26/2020 9:40:57,7/26/2020 9:51:36,IP Address,79.168.217.2,100,639,True,7/26/2020 9:51:36,R_UmRTrUND2ifNTuF,,,,,38.73370361328125,-9.4093017578125,anonymous,EN,0.90000000000000000000000000000000000000000000000000000,1/24,,,,,,,,,,1/3,,,,,1/10,,,,,,,,B,,,,3/8,,,,,,Swati,,,25 to 34 years,Male,Bachelor's degree,10,3,5ec2ccabec26b70d7d0be8d5
7/26/2020 9:40:48,7/26/2020 9:51:37,IP Address,89.132.216.47,100,649,True,7/26/2020 9:51:37,R_3IYPgeJEBF4aDlq,,,,,47.9080963134765625,19.041595458984375,anonymous,EN,0.90000000000000000000000000000000000000000000000000000,,,1/9,,,,,,15/32,,,,,,1/10,,,,,,E,,,,,,3/8,,,,S,,,,,,18 to 24 years,Male,High school graduate,5,6,5d433248638dca0015da9d7b
7/26/2020 9:45:11,7/26/2020 9:51:40,IP Address,94.71.99.18,100,388,True,7/26/2020 9:51:40,R_2VqkpOEk7x3KM46,,,,,37.9842071533203125,23.7353057861328125,anonymous,EN,0.90000000000000000000000000000000000000000000000000000,,,,1/24,,,,,,,,15/32,,,,,1/10,,,,,,B,,,,,3/10,,,S,,,,,,18 to 24 years,Female,Bachelor's degree,6-7 minutes,3,5eac16121aa756036b67bc5d
7/26/2020 9:40:19,7/26/2020 9:51:43,IP Address,190.160.21.58,100,684,True,7/26/2020 9:51:43,R_BWhlAZoZtB53ELn,,,,,-36.83349609375,-73.04869842529296875,anonymous,EN,0.90000000000000000000000000000000000000000000000000000,1/6,,,,,,5/16,,,,,,,,,,,1/20,,,,E,,,,,,,3/8,,,,,,Swati,,18 to 24 years,Male,Completed some college,7,3,5f1157c4f8cc27367f354c68
7/26/2020 9:47:10,7/26/2020 9:51:56,IP Address,89.64.91.67,100,285,True,7/26/2020 9:51:56,R_1j7jqrWiWDgozoR,,,,,52.24920654296875,21.00030517578125,anonymous,EN,0.90000000000000000000000000000000000000000000000000000,,,1/18,,,,5/16,,,,,,1/5,,,,,,,,,,E,,3/8,,,,,,,S ,,,,,18 to 24 years,Male,High school graduate,about 5 mins,3,5f11ea4b1589680d0353551c
7/26/2020 9:39:24,7/26/2020 9:52:08,IP Address,82.53.138.140,100,763,True,7/26/2020 9:52:08,R_2PbpgUZTG1Kuth7,,,,,43.70849609375,10.403594970703125,anonymous,EN,0.90000000000000000000000000000000000000000000000000000,,,1/9,,,,,,,,,15/32,,1/10,,,,,,,,,,B,,,,,,3/8,,S ,,,,,25 to 34 years,Male,High school graduate,8,5,55a2159bfdf99b3cec08f1a9
7/26/2020 9:43:32,7/26/2020 9:52:20,IP Address,84.140.98.166,100,527,True,7/26/2020 9:52:21,R_NUSDHiDim3Uur9D,,,,,51.533294677734375,9.9333038330078125,anonymous,EN,0.90000000000000000000000000000000000000000000000000000,,1/9,,,,,,,,,15/32,,,1/10,,,,,,C,,,,,,,,,3/8,,,,,Swati,,,35 to 44 years,Male,Master's degree,10,5,5d97091b1787f60011e03cdf
7/26/2020 9:44:51,7/26/2020 9:52:22,IP Address,86.111.139.201,100,451,True,7/26/2020 9:52:23,R_2PpYcOq9rrkW46p,,,,,46.2281951904296875,7.3572998046875,anonymous,EN,0.90000000000000000000000000000000000000000000000000000,,,,,1/9,,,,,15/32,,,,1/10,,,,,,E,,,,,3/8,,,,,,,,,,,Swati,25 to 34 years,Female,Bachelor's degree,6,6,5ba8a047ef181f0001672bc2
7/26/2020 9:39:50,7/26/2020 9:52:45,IP Address,92.249.241.78,100,775,True,7/26/2020 9:52:45,R_1dLc4L3XEoTdkCP,,,,,47.4983978271484375,19.0404052734375,anonymous,EN,0.90000000000000000000000000000000000000000000000000000,,,,,,1/9,,,,,,15/32,,1/10,,,,,,,,D,,,,,,,,3/8,,,,,,Swati,25 to 34 years,Female,Master's degree,10,5,5ed54d7d0fea040bfc6ce94c
7/26/2020 9:43:53,7/26/2020 9:53:02,IP Address,86.23.3.37,100,549,True,7/26/2020 9:53:03,R_1MSydApGjcxszlk,,,,,51.607696533203125,-0.1660003662109375,anonymous,EN,0.90000000000000000000000000000000000000000000000000000,,,,,,1/9,,,,15/32,,,,,,1/10,,,,,E,,,,,,3/8,,,,,,,,Swati,,25 to 34 years,Female,Bachelor's degree, not sure!,6,5e9020ceb720443205b28a9d
7/26/2020 9:38:37,7/26/2020 9:53:49,IP Address,46.109.159.126,100,911,True,7/26/2020 9:53:49,R_sNbEQEqxcmaVLpf,,,,,56.9496002197265625,24.0977935791015625,anonymous,EN,0.90000000000000000000000000000000000000000000000000000,,,,,1/36,,,,,15/32,,,1/20,,,,,,,E,,,,,,,3/8,,,,S,,,,,,25 to 34 years,Male,Completed some high school,I am not sure.,4,5c4a032ad5ef870001461898
7/26/2020 9:43:55,7/26/2020 9:54:21,IP Address,188.80.178.5,100,625,True,7/26/2020 9:54:21,R_2tD0RSIShF7otze,,,,,39.5330047607421875,-8.1566925048828125,anonymous,EN,0.90000000000000000000000000000000000000000000000000000,,,,,,1/9,15/32,,,,,,,1/50,,,,,,,,E,,,3/8,,,,,,,,Swati,,,,18 to 24 years,Male,Bachelor's degree,10 ,5,5e72490845c9c4024095bf96
7/26/2020 9:44:40,7/26/2020 9:54:21,IP Address,212.10.99.211,100,581,True,7/26/2020 9:54:22,R_22nrJ44zH2LZa7Q,,,,,56.1566925048828125,10.215301513671875,anonymous,EN,0.90000000000000000000000000000000000000000000000000000,,1/6,,,,,,,,,,15/32,,,,1/10,,,,,,,A,,,,3/8,,,,,,,,,Swati,35 to 44 years,Male,Bachelor's degree,"7 minutes, presumably",4,5e9ee520e12f9e02922c60cd
7/26/2020 9:38:11,7/26/2020 9:54:25,IP Address,77.69.54.186,100,974,True,7/26/2020 9:54:25,R_1JQSerbq1R81qxc,,,,,37.9842071533203125,23.7353057861328125,anonymous,EN,0.90000000000000000000000000000000000000000000000000000,,,,1/9,,,,,15/32,,,,,,,,1/10,,,,,,E,,,3/8,,,,,,,Swati,,,,18 to 24 years,Male,Completed some postgraduate,5,6,5d77bc0a4503c30001c724b8
7/26/2020 9:44:21,7/26/2020 9:54:27,IP Address,5.67.35.239,100,605,True,7/26/2020 9:54:27,R_293NoyAh1DaLoKT,,,,,52.0045013427734375,-0.7823028564453125,anonymous,EN,0.7000000000000000000000000000000000000000000000000000,,,,,,1/36,,,,,5/16,,1/5,,,,,,,B,,,,,1/4,,,,,,M ,,,,,,25 to 34 years,Female,High school graduate,2,0,5ee236e2f4a50b686fc6b6a4
7/26/2020 9:45:00,7/26/2020 9:55:19,IP Address,31.60.227.196,100,619,True,7/26/2020 9:55:20,R_2zSHigOdDeWv5Ey,,,,,51.7631988525390625,19.4756927490234375,anonymous,EN,0.90000000000000000000000000000000000000000000000000000,,,,,,1/9,15/32,,,,,,,,,,,1/20,,,,,,D,,,,,3/8,,,,,,Swati,,35 to 44 years,Female,Bachelor's degree,8,4,5c8250c026a0940016b265da
7/26/2020 9:44:44,7/26/2020 9:56:14,IP Address,81.190.62.177,100,689,True,7/26/2020 9:56:15,R_3nSewUrqv0XNpJ5,,,,,54.4994049072265625,18.551300048828125,anonymous,EN,0.90000000000000000000000000000000000000000000000000000,,,,1/9,,,,,,15/32,,,,,,,,1/10,,,,,,E,,,,,3/8,,,,,,Swati,,35 to 44 years,Male,Bachelor's degree,7,6,5d0bcf217a581100161860ae
7/26/2020 9:41:38,7/26/2020 9:57:23,IP Address,194.31.35.245,100,945,True,7/26/2020 9:57:23,R_XAfGJ62oITbG13P,,,,,52.3755035400390625,16.8567047119140625,anonymous,EN,0.90000000000000000000000000000000000000000000000000000,1/24,,,,,,,,15/32,,,,,,1/10,,,,,,,,D,,,,,3/8,,,,,,,Swati,,25 to 34 years,Prefer not to answer,Bachelor's degree,4,4,5dc0856370d51c032949d2db
7/26/2020 9:39:12,7/26/2020 9:57:46,IP Address,141.99.62.95,100,1113,True,7/26/2020 9:57:46,R_afr17QG33Np8y1X,,,,,50.8993988037109375,8.031005859375,anonymous,EN,0.90000000000000000000000000000000000000000000000000000,,,1/6,,,,,15/32,,,,,,,,1/5,,,E,,,,,,,,,,,3/8,S,,,,,,25 to 34 years,Male,Master's degree,8,4,5b57af5f508b8c0001a69fd2
7/26/2020 9:41:15,7/26/2020 9:58:01,IP Address,213.22.73.28,100,1005,True,7/26/2020 9:58:01,R_2dheeopGSuzx2Oz,,,,,41.5514984130859375,-8.420501708984375,anonymous,EN,0.90000000000000000000000000000000000000000000000000000,1/9,,,,,,,,,,15/32,,,,1/20,,,,,B,,,,,,3/8,,,,,,,,,Swati,,18 to 24 years,Male,High school graduate,5,4,5ebaa355dbe25f0008216bd1
7/26/2020 9:44:57,7/26/2020 9:59:22,IP Address,74.220.162.139,100,864,True,7/26/2020 9:59:22,R_YVtFQ9dxPFSN8yt,,,,,43.3679046630859375,-80.952301025390625,anonymous,EN,0.90000000000000000000000000000000000000000000000000000,,,1/9,,,,,,,,15/32,,,,,,,1/10,,,,,E,,,,,,,3/8,,,,,Swati,,25 to 34 years,Female,Bachelor's degree,10,6,5e7906c82ebff74b4ab4ff8b
7/26/2020 9:47:43,7/26/2020 10:00:16,IP Address,82.51.161.51,100,752,True,7/26/2020 10:00:17,R_2alR8dXxAU6D0xt,,,,,41.8903961181640625,12.5124053955078125,anonymous,EN,0.90000000000000000000000000000000000000000000000000000,,,1/36,,,,15/32,,,,,,1/10,,,,,,,,,E,,,,,3/8,,,,,S ,,,,,18 to 24 years,Female,High school graduate,10,5,5b0c5c0ae9270900013bbd6f
7/26/2020 9:49:51,7/26/2020 10:00:33,IP Address,213.205.242.29,100,642,True,7/26/2020 10:00:33,R_1ig6HkdLSr3XExS,,,,,52.4777984619140625,-1.9326019287109375,anonymous,EN,0.90000000000000000000000000000000000000000000000000000,,,,,1/36,,,,,,15/32,,,,1/5,,,,,,,,,D,,,,2/5,,,,,,,Swati,,35 to 44 years,Female,Bachelor's degree,4,2,59d418c3b37d52000122ece0
7/26/2020 9:43:32,7/26/2020 10:03:15,IP Address,37.77.112.112,100,1183,True,7/26/2020 10:03:15,R_10ZwwKOAIFsQoUu,,,,,43.1479034423828125,12.1096954345703125,anonymous,EN,0.90000000000000000000000000000000000000000000000000000,,,1/9,,,,,15/32,,,,,1/10,,,,,,,,,,,D,,,3/8,,,,S,,,,,,18 to 24 years,Male,Master's degree,15,5,5ec3d4fcce3cd40548b687ce
7/26/2020 9:37:30,7/26/2020 10:03:32,IP Address,135.19.39.153,100,1562,True,7/26/2020 10:03:32,R_D7gnbzVWIz6CKc1,,,,,46.7949066162109375,-71.24700164794921875,anonymous,EN,0.90000000000000000000000000000000000000000000000000000,,,1/9,,,,,15/32,,,,,,,,,,1/5,,,,D,,,,,,,,3/8,,,,,Swati,,25 to 34 years,,Master's degree,15,4,5f01af6c3ea844304c1c13b4
7/26/2020 9:35:48,7/26/2020 10:05:50,IP Address,86.25.227.0,100,1802,True,7/26/2020 10:05:51,R_efCQShjMBURaY9j,,,,,54.5426025390625,-0.9813995361328125,anonymous,EN,0.90000000000000000000000000000000000000000000000000000,,,,,,1/9,,,,,15/32,,1/20,,,,,,C,,,,,,,,,,3/8,,,S ,,,,,18 to 24 years,Female,Completed some college,around 5 minutes,4,5ebc52c5fbfc4c08b2fcb8c0
7/26/2020 9:36:17,7/26/2020 10:06:35,IP Address,131.117.213.199,100,1817,True,7/26/2020 10:06:35,R_29ajnOxs63GrYOX,,,,,50.07659912109375,14.514801025390625,anonymous,EN,0.90000000000000000000000000000000000000000000000000000,,,,,,1/6,,,15/32,,,,,,,,,1/10,,,,E,,,,,,3/8,,,,,,,Swati,,25 to 34 years,Female,Master's degree,10,5,5d52f8d73826ad0019fb15ad
7/26/2020 9:37:53,7/26/2020 10:10:24,IP Address,109.196.94.102,100,1951,True,7/26/2020 10:10:24,R_b7XLGwYQutGXSRr,,,,,50.4954071044921875,19.4402008056640625,anonymous,EN,0.7000000000000000000000000000000000000000000000000000,,,,,,1/9,15/32,,,,,,,,,,,1/10,,,,,,B,3/8,,,,,,,,Swati,,,,25 to 34 years,Male,Master's degree,15,5,5ee8f1756f6ba90cc873a9a9
7/26/2020 9:43:29,7/26/2020 10:10:41,IP Address,89.154.49.86,100,1632,True,7/26/2020 10:10:42,R_20SdA23M6b4WuFV,,,,,41.145294189453125,-8.529296875,anonymous,EN,0.90000000000000000000000000000000000000000000000000000,,,1/6,,,,,,,15/32,,,,,,,,1/10,E,,,,,,,3/8,,,,,,,,,Swati,,18 to 24 years,Male,High school graduate,10,5,5e8b4f987028ed01735782db
7/26/2020 10:30:11,7/26/2020 10:35:18,IP Address,109.175.133.162,100,306,True,7/26/2020 10:35:18,R_3qvyk2SWxaL9gOX,,,,,53.4766998291015625,-2.2931976318359375,anonymous,EN,0.90000000000000000000000000000000000000000000000000000,,,1/9,,,,,15/32,,,,,,,1/10,,,,E,,,,,,3/8,,,,,,,,,,,Swati,18 to 24 years,Female,Bachelor's degree,7,6,5de966a035fcd40948c78ff1
7/26/2020 9:43:59,7/26/2020 15:11:05,IP Address,70.30.235.241,100,19625,True,7/26/2020 15:11:05,R_eVUmZ8Axxe7rXZD,,,,,45.5072021484375,-73.64980316162109375,anonymous,EN,0.90000000000000000000000000000000000000000000000000000,,,,,1/9,,,,,,15/32,,,,,1/20,,,,E,,,,,,,,,1/2,,S,,,,,,18 to 24 years,Male,Completed some college,15,4,5eb2c2173213220518f881e2
7/29/2020 8:33:01,7/29/2020 8:36:31,IP Address,86.18.213.237,100,209,True,7/29/2020 8:36:31,R_cYFJ3VKGaiQcyIx,,,,,50.7333984375,-1.9246063232421875,anonymous,EN,0.90000000000000000000000000000000000000000000000000000,,,,,,1/9,,,15/32,,,,1/10,,,,,,E,,,,,,3/8,,,,,,,S ,,,,,18 to 24 years,Female,Completed some college,5,6,5e274c60f1fa1b984060db37
7/29/2020 8:32:50,7/29/2020 8:36:35,IP Address,86.180.150.65,100,224,True,7/29/2020 8:36:35,R_5ow49hLthL6U7sd,,,,,51.8166961669921875,-0.814605712890625,anonymous,EN,0.90000000000000000000000000000000000000000000000000000,,,,1/36,,,,,,15/32,,,,,,1/5,,,,C,,,,,,,3/8,,,,,,,Swati,,,35 to 44 years,Female,High school graduate,7,3,5d4889c6643eb80001fb3f5f
7/29/2020 8:32:48,7/29/2020 8:37:01,IP Address,82.132.241.255,100,253,True,7/29/2020 8:37:02,R_2wEmafqAKDlkQgu,,,,,51.49639892578125,-0.122406005859375,anonymous,EN,0.90000000000000000000000000000000000000000000000000000,,1/6,,,,,1/2,,,,,,1/20,,,,,,,,,C,,,,,1/4,,,,S,,,,,,35 to 44 years,Male,High school graduate,5,1,5f04247aab8aa164df44cabb
7/29/2020 8:34:25,7/29/2020 8:37:03,IP Address,174.97.166.86,100,157,True,7/29/2020 8:37:03,R_1PUxFeP26rv3H3r,,,,,44.180694580078125,-88.4759979248046875,anonymous,EN,0.7000000000000000000000000000000000000000000000000000,,,,,1/36,,,,,,15/32,,,1/50,,,,,,,,,,E,,,3/8,,,,S,,,,,,35 to 44 years,Female,Completed some college,4,4,5c3e012952f38e0001331e40
7/29/2020 8:34:26,7/29/2020 8:37:05,IP Address,86.6.249.82,100,158,True,7/29/2020 8:37:05,R_24jw2hBDpShHF3W,,,,,54.5579071044921875,-1.3280029296875,anonymous,EN,0.90000000000000000000000000000000000000000000000000000,,,,,1/9,,15/32,,,,,,,1/20,,,,,,B,,,,,,,3/8,,,,S,,,,,,35 to 44 years,Female,Completed some postgraduate,3 mins ish,4,5f12248b4d4d4f14230714e7
7/29/2020 8:32:55,7/29/2020 8:37:12,IP Address,109.95.146.53,100,256,True,7/29/2020 8:37:12,R_1NxePREQxZtehmr,,,,,49.87640380859375,19.207305908203125,anonymous,EN,0.90000000000000000000000000000000000000000000000000000,,,,,1/9,,,,15/32,,,,,,,1/10,,,,,,,E,,,3/8,,,,,,,,Swati,,,18 to 24 years,Male,High school graduate,4,6,5e306c9e4dd79606e0ed3e74
7/29/2020 8:32:47,7/29/2020 8:37:30,IP Address,94.132.217.126,100,282,True,7/29/2020 8:37:30,R_3fTbMAV5UClZslu,,,,,41.191497802734375,-8.5464935302734375,anonymous,EN,0.90000000000000000000000000000000000000000000000000000,,,,,1/6,,,,,,,1/2,,,,,1/25,,,,,,D,,3/8,,,,,,,,,,,Swati,18 to 24 years,Male,Bachelor's degree,5,2,5efd254ad1478e1709676dbd
7/29/2020 8:34:20,7/29/2020 8:37:31,IP Address,89.151.41.107,100,191,True,7/29/2020 8:37:32,R_3HFghaHG8LlsWvs,,,,,50.3177032470703125,18.8865966796875,anonymous,EN,0.90000000000000000000000000000000000000000000000000000,,,,,,1/9,1/3,,,,,,,,1/5,,,,,,,,E,,,,,3/8,,,,S ,,,,,18 to 24 years,Male,Completed some college,3,4,5e6796a0ae143c03b3033195
7/29/2020 8:32:48,7/29/2020 8:37:42,IP Address,193.57.217.49,100,294,True,7/29/2020 8:37:42,R_2tgRr7Anmtpa3BW,,,,,53.347198486328125,-6.243896484375,anonymous,EN,0.90000000000000000000000000000000000000000000000000000,,,1/36,,,,,,,,1/2,,1/10,,,,,,,D,,,,,3/8,,,,,,,,,Swati,,,18 to 24 years,Female,Completed some college,5,3,5ee9e067fd89d0000ba52f8a
7/29/2020 8:34:29,7/29/2020 8:37:58,IP Address,94.192.90.176,100,209,True,7/29/2020 8:37:58,R_3njX8YQsVNwvX62,,,,,52.64129638671875,1.219696044921875,anonymous,EN,0.90000000000000000000000000000000000000000000000000000,,,,,1/9,,15/32,,,,,,,,1/5,,,,,,,,C,,3/8,,,,,,M ,,,,,,25 to 34 years,Female,Completed some college,1,3,5d7a04666100d100012528c9
7/29/2020 8:34:41,7/29/2020 8:38:04,IP Address,82.12.83.112,100,203,True,7/29/2020 8:38:04,R_3QQt23Zd312yUQA,,,,,53.4235992431640625,-2.3112945556640625,anonymous,EN,0.90000000000000000000000000000000000000000000000000000,,,,,1/9,,15/32,,,,,,,1/10,,,,,,B,,,,,,,,3/8,,,,,,Swati,,,18 to 24 years,Male,Bachelor's degree,3,5,5edbe8bede51ce095464a4a6
7/29/2020 8:34:37,7/29/2020 8:38:22,IP Address,174.107.135.149,100,225,True,7/29/2020 8:38:22,R_3hhUqjiVB5QE4MJ,,,,,33.6988067626953125,-78.9160003662109375,anonymous,EN,0.90000000000000000000000000000000000000000000000000000,1/6,,,,,,,,,,1/2,,,,,,1/20,,,,,,E,,,,,,1/4,,,,,Asha,,,25 to 34 years,Female,Bachelor's degree,8,1,5f18ee0732d20512e02103c3
7/29/2020 8:34:44,7/29/2020 8:38:33,IP Address,2.83.25.54,100,229,True,7/29/2020 8:38:34,R_2ClaNfsvDA5ktOC,,,,,40.425994873046875,-8.4665069580078125,anonymous,EN,0.90000000000000000000000000000000000000000000000000000,,,,,,1/9,,1/2,,,,,,,1/10,,,,,,,,,D,,,,3/8,,,,S ,,,,,25 to 34 years,Male,Associate degree,6,4,5ef945aa4ffead6e3ea69289
7/29/2020 8:34:41,7/29/2020 8:38:37,IP Address,100.14.95.56,100,235,True,7/29/2020 8:38:37,R_2zLLP0Bv9YU4XL7,,,,,39.94439697265625,-75.58750152587890625,anonymous,EN,0.90000000000000000000000000000000000000000000000000000,,,,,,1/9,,,15/32,,,,,,,,,1/10,,,E,,,,,3/8,,,,,,,Swati,,,,18 to 24 years,Female,High school graduate,4,6,5e0ea41b4acfb95ea854b983
7/29/2020 8:34:27,7/29/2020 8:38:50,IP Address,92.19.110.253,100,262,True,7/29/2020 8:38:50,R_2TpYEawjv82HPJy,,,,,52.2689056396484375,-0.3354949951171875,anonymous,EN,0.90000000000000000000000000000000000000000000000000000,,,,,,1/36,,,,,15/32,,,,1/20,,,,,,,,C,,,,3/8,,,,,,,,,Asha,45 to 54 years,Male,Completed some college,5 minutes ,2,5efada4ccb96bd92cf3a58f5
7/29/2020 8:32:45,7/29/2020 8:38:51,IP Address,188.146.98.141,100,366,True,7/29/2020 8:38:51,R_25RO7K78VcOOseA,,,,,52.2642059326171875,20.9911956787109375,anonymous,EN,0.90000000000000000000000000000000000000000000000000000,,,1/9,,,,,,,,,15/32,,,,1/10,,,,,E,,,,,,3/8,,,,,,,,Swati,,18 to 24 years,Male,Completed some college,7,6,5c5dae957557640001f501fc
7/29/2020 8:34:54,7/29/2020 8:38:56,IP Address,67.218.252.104,100,241,True,7/29/2020 8:38:56,R_3e2MM1NYNSd0siQ,,,,,39.56610107421875,2.648406982421875,anonymous,EN,0.90000000000000000000000000000000000000000000000000000,,,1/9,,,,,,,1/2,,,,,1/10,,,,E,,,,,,,3/8,,,,,,,Swati,,,,25 to 34 years,Male,Bachelor's degree,5,5,5e75e37c0a52831469c2eb53
7/29/2020 8:34:31,7/29/2020 8:39:01,IP Address,86.16.189.33,100,270,True,7/29/2020 8:39:01,R_22OY63ug40Jrgme,,,,,53.8258056640625,-1.5204925537109375,anonymous,EN,0.90000000000000000000000000000000000000000000000000000,,,,,1/18,,,,,,15/32,,1/20,,,,,,,,,,,D,,,,,3/8,,,,,,Swati,,18 to 24 years,Male,Bachelor's degree,5,3,5edfc23a21501a2d508cdf6f
7/29/2020 8:34:40,7/29/2020 8:39:02,IP Address,91.246.67.139,100,261,True,7/29/2020 8:39:02,R_2cjvyQ8tx2UI8Aq,,,,,50.0438995361328125,21.9586944580078125,anonymous,EN,0.90000000000000000000000000000000000000000000000000000,,,,1/9,,,,,,,15/32,,,,1/10,,,,,,,E,,,,3/8,,,,,S,,,,,,18 to 24 years,Male,High school graduate,5,6,5ed2bcd397225124af835c98
7/29/2020 8:34:12,7/29/2020 8:39:03,IP Address,87.101.92.108,100,290,True,7/29/2020 8:39:03,R_1Qa5syf3wGfPfOK,,,,,45.4994049072265625,-73.5702972412109375,anonymous,EN,0.7000000000000000000000000000000000000000000000000000,,,,1/9,,,3/16,,,,,,1/5,,,,,,,,,B,,,,,,3/10,,,,S ,,,,,25 to 34 years,Male,High school graduate,5,2,5ef32fcbe5cfa7041c7b5288
7/29/2020 8:34:41,7/29/2020 8:39:07,IP Address,193.205.210.45,100,265,True,7/29/2020 8:39:07,R_1pLLewfYuMR4ky3,,,,,46.06939697265625,11.114898681640625,anonymous,EN,0.90000000000000000000000000000000000000000000000000000,,,,,1/18,,,15/32,,,,,,,,,,1/10,,,D,,,,3/8,,,,,,,,,Swati,,,18 to 24 years,Male,Bachelor's degree,6,4,5b90ea43e508d600012f8162
7/29/2020 8:34:27,7/29/2020 8:39:12,IP Address,5.70.215.106,100,284,True,7/29/2020 8:39:12,R_1jNc4e7Ej50WdfW,,,,,53.754302978515625,-1.54620361328125,anonymous,EN,0.90000000000000000000000000000000000000000000000000000,,,,,,1/9,15/32,,,,,,,,,1/10,,,,,,,,C,,,,,,3/8,,,Swati,,,,35 to 44 years,Female,"Ph.D., law or medical degree",3-4 min,5,5bdb75822562330001b8ae03
7/29/2020 8:34:31,7/29/2020 8:39:15,IP Address,157.25.97.210,100,283,True,7/29/2020 8:39:15,R_bDVZFKVAmGLmAKZ,,,,,52.4210968017578125,16.95989990234375,anonymous,EN,0.90000000000000000000000000000000000000000000000000000,1/18,,,,,,,,,,,15/32,,,,1/10,,,,,D,,,,,,,3/8,,,,S ,,,,,25 to 34 years,Female,Master's degree,4,4,5ece064a75736a193990951a
7/29/2020 8:34:22,7/29/2020 8:39:17,IP Address,176.248.116.34,100,294,True,7/29/2020 8:39:17,R_2CP0O08elePhV4y,,,,,52.9994049072265625,-1.131805419921875,anonymous,EN,0.90000000000000000000000000000000000000000000000000000,,,1/9,,,,,,,15/32,,,,,,,1/10,,B,,,,,,,,,3/8,,,,,Swati,,,,35 to 44 years,Female,Bachelor's degree,4,5,5e8d804740aaf4000a51d9e9
7/29/2020 8:33:14,7/29/2020 8:39:17,IP Address,84.236.30.63,100,363,True,7/29/2020 8:39:18,R_12iljb3RPvlQsts,,,,,47.3948974609375,18.913604736328125,anonymous,EN,0.90000000000000000000000000000000000000000000000000000,,,,,,1/24,,,,,15/32,,,,1/50,,,,B,,,,,,,3/8,,,,,,,,,,Swati,18 to 24 years,Female,High school graduate,5,3,5ebc691f6719a80b580d57fc
7/29/2020 8:34:42,7/29/2020 8:39:21,IP Address,151.29.248.15,100,278,True,7/29/2020 8:39:21,R_1hA0XmWUcyMW74X,,,,,44.035400390625,10.1392974853515625,anonymous,EN,0.90000000000000000000000000000000000000000000000000000,,,,,1/24,,,3/16,,,,,,,1/50,,,,,,,,C,,,,,,,3/8,,,,Swati,,,18 to 24 years,Male,High school graduate,6 min,2,5dc94678880a2965965fc001
7/29/2020 8:34:28,7/29/2020 8:39:22,IP Address,31.183.146.119,100,294,True,7/29/2020 8:39:22,R_3ikyPITK5R9SIyC,,,,,51.757293701171875,19.4752960205078125,anonymous,EN,0.90000000000000000000000000000000000000000000000000000,1/36,,,,,,,,,,,1/2,1/20,,,,,,,,D,,,,3/8,,,,,,,S ,,,,,18 to 24 years,Male,High school graduate,Around 3 minutes,2,5e6767aeb30329000abc2b0b
7/29/2020 8:34:21,7/29/2020 8:39:27,IP Address,82.132.215.159,100,305,True,7/29/2020 8:39:27,R_2t56zR1z0wOlOeQ,,,,,51.49639892578125,-0.122406005859375,anonymous,EN,0.90000000000000000000000000000000000000000000000000000,,1/24,,,,,,,3/16,,,,,,,,,1/50,,,,,B,,3/8,,,,,,,A,,,,,25 to 34 years,Female,Bachelor's degree,7,1,5e2b3472339bae18089f9c6d
7/29/2020 8:34:24,7/29/2020 8:39:55,IP Address,83.26.42.71,100,331,True,7/29/2020 8:39:55,R_yF9Pis7vfh8lP6V,,,,,51.1042938232421875,17.0334930419921875,anonymous,EN,0.90000000000000000000000000000000000000000000000000000,,1/9,,,,,,,15/32,,,,,1/10,,,,,E,,,,,,,3/8,,,,,,S ,,,,,18 to 24 years,Male,High school graduate,7?,6,5eea42003e537f10bc27959d
7/29/2020 8:34:56,7/29/2020 8:40:03,IP Address,92.25.230.88,100,306,True,7/29/2020 8:40:03,R_sHk6BizqWBja2I1,,,,,51.3058929443359375,-0.71240234375,anonymous,EN,0.90000000000000000000000000000000000000000000000000000,,,1/6,,,,,,,15/32,,,,,,,,1/10,,,,C,,,,,3/8,,,,,,,Swati,,,25 to 34 years,Male,Bachelor's degree,5,4,5c7d4b654660bf0013c735d6
7/29/2020 8:34:20,7/29/2020 8:40:06,IP Address,85.139.1.167,100,346,True,7/29/2020 8:40:06,R_2rCUQ4qeUL4UGV8,,,,,38.7906036376953125,-9.1891937255859375,anonymous,EN,0.90000000000000000000000000000000000000000000000000000,,,,,1/18,,,,,15/32,,,,,,,,1/50,,E,,,,,,3/8,,,,,,S ,,,,,Under 18 years,Male,Completed some college,5 ,4,5edfcc95c68c752e56ef008a
7/29/2020 8:34:42,7/29/2020 8:40:15,IP Address,31.0.33.138,100,333,True,7/29/2020 8:40:15,R_1ItQZCiqGOS0rOn,,,,,52.2393951416015625,21.03619384765625,anonymous,EN,0.90000000000000000000000000000000000000000000000000000,,,,,1/9,,,,15/32,,,,,,1/10,,,,,,,E,,,,,,,,3/8,,,,,Swati,,18 to 24 years,Male,Completed some high school,7,6,5e2deb68e97bec3cf9118ad0
7/29/2020 8:34:22,7/29/2020 8:40:36,IP Address,109.50.153.81,100,373,True,7/29/2020 8:40:36,R_2co41SnzCJrd8Ei,,,,,41.4456024169921875,-8.2928924560546875,anonymous,EN,0.90000000000000000000000000000000000000000000000000000,1/36,,,,,,,,,,15/32,,,,,1/10,,,,,,C,,,,3/8,,,,,,S ,,,,,18 to 24 years,Female,Master's degree,5,4,5c522508fcbef20001939a03
7/29/2020 8:34:21,7/29/2020 8:40:41,IP Address,95.222.212.201,100,380,True,7/29/2020 8:40:41,R_3haKwSfmMyTbN7H,,,,,50.018798828125,8.6956024169921875,anonymous,EN,0.90000000000000000000000000000000000000000000000000000,,,,1/9,,,,,,,15/32,,,,,,1/5,,,,E,,,,,,,,3/8,,,,,Swati,,,25 to 34 years,Male,Master's degree,4,5,5b2a47158ecf3f000161e931
7/29/2020 8:35:02,7/29/2020 8:40:45,IP Address,85.221.135.23,100,342,True,7/29/2020 8:40:45,R_qEGHZzLFIqQ49Rn,,,,,52.40460205078125,16.9185943603515625,anonymous,EN,0.90000000000000000000000000000000000000000000000000000,,1/6,,,,,,,,15/32,,,1/10,,,,,,,,,,E,,,,,,3/8,,,,,,Swati,,18 to 24 years,Male,Completed some college,5,5,5d5e9ce0717ab80019a2d870
7/29/2020 8:32:53,7/29/2020 8:40:50,IP Address,176.185.244.83,100,476,True,7/29/2020 8:40:50,R_AmTQ9k4IXbKKaXL,,,,,48.8542938232421875,2.3527069091796875,anonymous,EN,0.90000000000000000000000000000000000000000000000000000,,,,,,1/9,,,,,,15/32,,,,,1/10,,,,,,,E,3/8,,,,,,S,,,,,,18 to 24 years,Female,Master's degree,5,6,5f123a5c0712760188fcfd46
7/29/2020 8:34:58,7/29/2020 8:41:13,IP Address,24.35.118.2,100,375,True,7/29/2020 8:41:13,R_XLnwJGqOfw8gf61,,,,,40.0337066650390625,-83.13189697265625,anonymous,EN,0.90000000000000000000000000000000000000000000000000000,,,1/24,,,,,,,,,15/32,,,1/20,,,,,,D,,,,,,,,,3/8,,,,Swati,,,25 to 34 years,Male,Bachelor's degree,6,3,5dbc680db65c99211327661b
7/29/2020 8:34:24,7/29/2020 8:41:16,IP Address,80.2.50.40,100,411,True,7/29/2020 8:41:16,R_XtgBHmc5bl45tKx,,,,,53.8318023681640625,-1.535797119140625,anonymous,EN,0.90000000000000000000000000000000000000000000000000000,,1/9,,,,,,,,,15/32,,,,,1/10,,,,,,E,,,,,,,,3/8,,,,Swati,,,25 to 34 years,Male,Bachelor's degree,4,6,5eff425e122196491e024bc4
7/29/2020 8:34:24,7/29/2020 8:41:49,IP Address,217.84.190.70,100,445,True,7/29/2020 8:41:50,R_10pdOkjaKIERW4R,,,,,49.0666961669921875,13.100006103515625,anonymous,EN,0.90000000000000000000000000000000000000000000000000000,,,,1/36,,,,,,,15/32,,,,,,1/10,,,A,,,,,,3/8,,,,,,,,,Swati,,25 to 34 years,Male,Bachelor's degree,6,4,5a7fab56f49c9a0001f3549e
7/29/2020 8:34:31,7/29/2020 8:42:15,IP Address,81.153.140.5,100,463,True,7/29/2020 8:42:15,R_3EnIiSIw1QmEn4Z,,,,,52.4976043701171875,-2.1688995361328125,anonymous,EN,0.90000000000000000000000000000000000000000000000000000,,1/9,,,,,,15/32,,,,,,,,,,1/5,,,,,E,,,,3/8,,,,,,,Swati,,,35 to 44 years,Female,Master's degree,10,5,5e2819f0dbc670a1f79158d5
7/29/2020 8:34:41,7/29/2020 8:42:16,IP Address,142.117.201.202,100,455,True,7/29/2020 8:42:17,R_3P6PF1ktq4nZrPL,,,,,45.6320037841796875,-73.58390045166015625,anonymous,EN,0.90000000000000000000000000000000000000000000000000000,,1/36,,,,,,,,,,15/32,,,,1/10,,,,,,E,,,,,3/8,,,,,,Swati,,,,18 to 24 years,Male,Bachelor's degree,10,5,5f0f1c7ff1db6e0683cda086
7/29/2020 8:34:52,7/29/2020 8:42:33,IP Address,5.71.198.203,100,461,True,7/29/2020 8:42:33,R_sv51jkItHDOevER,,,,,56.07110595703125,-3.7696075439453125,anonymous,EN,0.90000000000000000000000000000000000000000000000000000,,,1/24,,,,,15/32,,,,,,,1/10,,,,,,C,,,,,,,,3/8,,,,Swati,,,,45 to 54 years,Male,Associate degree,8,4,5b1386089663ee0001461b6e
7/29/2020 8:35:04,7/29/2020 8:42:35,IP Address,195.99.33.19,100,450,True,7/29/2020 8:42:36,R_1pu6aLBeSqMPydH,,,,,50.9196014404296875,-4.05889892578125,anonymous,EN,0.90000000000000000000000000000000000000000000000000000,,,,,,1/9,,,,,15/32,,,,,,,1/10,,,,,,E,,,,,,3/8,,,,,,Swati,45 to 54 years,Male,Bachelor's degree,10,6,5ce9b0e4be5a6b00163f6870
7/29/2020 8:34:48,7/29/2020 8:42:40,IP Address,185.51.136.242,100,472,True,7/29/2020 8:42:40,R_1liB0aK8hzkfIgo,,,,,44.315704345703125,7.74859619140625,anonymous,EN,0.90000000000000000000000000000000000000000000000000000,,,,,,1/36,,15/32,,,,,,1/10,,,,,,,,E,,,3/8,,,,,,,,,Swati,,,18 to 24 years,Female,High school graduate,7,5,5e8783c0890e930b54f7d348
7/29/2020 8:34:28,7/29/2020 8:43:23,IP Address,89.176.73.227,100,534,True,7/29/2020 8:43:23,R_1kIAyoxxFTaeXEM,,,,,49.3000030517578125,17.399993896484375,anonymous,EN,0.90000000000000000000000000000000000000000000000000000,,,,1/24,,,,15/32,,,,,,,,1/10,,,,,,,,B,3/8,,,,,,,,,,Swati,,18 to 24 years,Male,Completed some high school,5,4,55c333b0fdf99b1dbd2131bd
7/29/2020 8:34:28,7/29/2020 8:43:27,IP Address,50.81.20.239,100,538,True,7/29/2020 8:43:27,R_DTAAX8VkLHgyQdH,,,,,42.03729248046875,-93.60050201416015625,anonymous,EN,0.90000000000000000000000000000000000000000000000000000,,,,1/9,,,15/32,,,,,,,,1/10,,,,,,E,,,,,,,3/8,,,,,,Swati,,,35 to 44 years,Male,Bachelor's degree,10,6,5e175705cfe8dc000b559793
7/29/2020 8:34:24,7/29/2020 8:43:41,IP Address,89.64.23.58,100,556,True,7/29/2020 8:43:41,R_8erEm0hSZjDzD2x,,,,,52.24920654296875,21.00030517578125,anonymous,EN,0.90000000000000000000000000000000000000000000000000000,,1/18,,,,,,,,,15/32,,,1/5,,,,,E,,,,,,3/8,,,,,,,,,Swati,,,35 to 44 years,Male,Completed some postgraduate,9,4,5c80b4b9948f9c00017b40a6
7/29/2020 8:34:35,7/29/2020 8:43:43,IP Address,165.225.217.70,100,547,True,7/29/2020 8:43:43,R_5i1drkuGctFSILv,,,,,33.0225067138671875,-96.72899627685546875,anonymous,EN,0.90000000000000000000000000000000000000000000000000000,,,,,1/9,,,15/32,,,,,,,,,,1/10,E,,,,,,,,,,,3/8,,,,,Swati,,45 to 54 years,Male,Bachelor's degree,22,6,5c8541b79c5a3000016b2597
7/29/2020 8:34:13,7/29/2020 8:44:07,IP Address,89.229.242.202,100,593,True,7/29/2020 8:44:08,R_2zZ1EGDZAT3mJJG,,,,,53.4799041748046875,18.7682952880859375,anonymous,EN,0.90000000000000000000000000000000000000000000000000000,1/9,,,,,,,,,,15/32,,,1/10,,,,,,,C,,,,,,3/8,,,,S,,,,,,18 to 24 years,Male,High school graduate,10,5,5ea8010daf54da1e951b8861
7/29/2020 8:34:46,7/29/2020 8:44:36,IP Address,5.62.57.119,100,589,True,7/29/2020 8:44:36,R_1Oiw4mcgFXFqV25,,,,,37.751007080078125,-97.82199859619140625,anonymous,EN,0.300000000000000000000000000000000000000000000000000000,,,,,1/9,,,,,,3/16,,,,,,1/5,,,,,D,,,,,3/8,,,,,,,,,Swati,25 to 34 years,Male,Bachelor's degree,3mins,3,5f04fc2c5b0ee21a81a52af5
7/29/2020 8:34:47,7/29/2020 8:44:52,IP Address,77.54.178.192,100,605,True,7/29/2020 8:44:52,R_3JLBB2noE424hDy,,,,,41.1486053466796875,-8.610992431640625,anonymous,EN,0.90000000000000000000000000000000000000000000000000000,1/9,,,,,,,,15/32,,,,,,,1/10,,,,,,,E,,,,,3/8,,,S,,,,,,18 to 24 years,Female,High school graduate,5,6,5edbdbdb406b0c09c7c89ba5
7/29/2020 8:41:04,7/29/2020 8:46:25,IP Address,94.8.246.42,100,320,True,7/29/2020 8:46:25,R_3KUrLvbYS38ISVE,,,,,55.96319580078125,-3.2545928955078125,anonymous,EN,0.90000000000000000000000000000000000000000000000000000,,,,1/9,,,,,5/16,,,,,,1/20,,,,,,,,C,,,,,,,3/8,,,Swati,,,,35 to 44 years,Female,Bachelor's degree,5,3,5c940c78e2d9fb0001386eb0
7/29/2020 8:40:46,7/29/2020 8:46:49,IP Address,176.221.120.165,100,363,True,7/29/2020 8:46:50,R_1OPHQr2zrlVENaE,,,,,53.0175933837890625,18.6201934814453125,anonymous,EN,0.90000000000000000000000000000000000000000000000000000,,,,,,1/9,,,,15/32,,,,,,,1/10,,,,,,C,,,,,3/8,,,,,,Swati,,,25 to 34 years,Male,High school graduate,5,5,5df51aaedf98d93923d5304f
7/29/2020 8:32:45,7/29/2020 8:47:12,IP Address,95.93.124.41,100,866,True,7/29/2020 8:47:12,R_1OiRURC0wsR4H2B,,,,,38.752105712890625,-9.227996826171875,anonymous,EN,0.90000000000000000000000000000000000000000000000000000,,1/9,,,,,,,,15/32,,,,1/10,,,,,,,,D,,,3/8,,,,,,,,Swati,,,,18 to 24 years,Male,Master's degree,7,5,5ec2dfd63504e8110bbe7fb8
7/29/2020 8:34:42,7/29/2020 8:47:34,IP Address,86.144.29.223,100,771,True,7/29/2020 8:47:34,R_2BfiDdaE0GcGcio,,,,,51.11669921875,-0.016693115234375,anonymous,EN,0.7000000000000000000000000000000000000000000000000000,,1/9,,,,,,,15/32,,,,1/10,,,,,,,,,,C,,,,,,3/8,,,,,,,Swati,18 to 24 years,Female,Completed some college,10,5,5f0e53273571b70008aba3c4
7/29/2020 8:34:10,7/29/2020 8:48:01,IP Address,81.161.193.110,100,831,True,7/29/2020 8:48:02,R_3rYCwCpDBXPQyHr,,,,,51.9611968994140625,17.5023040771484375,anonymous,EN,0.90000000000000000000000000000000000000000000000000000,,,1/9,,,,,,,,15/32,,,,,,,1/10,,D,,,,,,3/8,,,,,,,,,Swati,,18 to 24 years,Female,Completed some college,10,5,5f0809545b9786000861c866
7/29/2020 8:34:19,7/29/2020 8:49:47,IP Address,85.139.0.27,100,928,True,7/29/2020 8:49:47,R_1DuoadPHCiilRgO,,,,,38.7906036376953125,-9.1891937255859375,anonymous,EN,0.90000000000000000000000000000000000000000000000000000,,1/18,,,,,,15/32,,,,,1/10,,,,,,,,,D,,,,,,3/8,,,S,,,,,,18 to 24 years,Male,Bachelor's degree,10,4,5daf65969975f80015854b5e
7/29/2020 8:34:54,7/29/2020 8:50:24,IP Address,94.71.179.151,100,929,True,7/29/2020 8:50:24,R_2Qtw2oKyKXftFcf,,,,,37.9842071533203125,23.7353057861328125,anonymous,EN,0.90000000000000000000000000000000000000000000000000000,1/9,,,,,,15/32,,,,,,,,,,,1/10,E,,,,,,,,3/8,,,,S,,,,,,25 to 34 years,Female,Completed some postgraduate,15,6,5e70bc96e121de000b95c20e
7/29/2020 8:35:39,7/29/2020 8:50:26,IP Address,37.248.160.56,100,886,True,7/29/2020 8:50:26,R_25ZyHvVRgF8dvwo,,,,,52.2393951416015625,21.03619384765625,anonymous,EN,0.90000000000000000000000000000000000000000000000000000,1/6,,,,,,,,,15/32,,,,,,1/5,,,,,,B,,,,3/8,,,,,,,,Swati,,,35 to 44 years,Female,Master's degree,8,3,5b9d6deeb5662700015e98dd
7/29/2020 8:34:20,7/29/2020 8:54:12,IP Address,94.111.94.78,100,1191,True,7/29/2020 8:54:12,R_1kLZurCny3ET8Rb,,,,,51.315093994140625,3.2505950927734375,anonymous,EN,0.90000000000000000000000000000000000000000000000000000,,,,,,1/18,,,,3/16,,,,,,,,1/10,,E,,,,,,,,,3/8,,,,,Karish,,,18 to 24 years,Male,High school graduate,15,3,5beda8707b382b0001cb7bb5